CodSite,lat,long,abundance,habitat,spp
area6,-19.616667,-43.4,1,Montane Seasonal Atlantic Forest ,Abarema brachystachya
area5,-22.616667,-43.883333,2,Montane Seasonal Atlantic Forest ,Abarema cochliacarpos
area4,-28.733333,-49.75,2,Montane Dense Ombrophilous Atlantic Forest ,Abarema langsdorffii
area10,-21.999167,-43.890833,2,Montane Dense Ombrophilous Atlantic Forest ,Abarema langsdorffii
area1,-20.798333,-41.292778,20,Submontane Seasonal Atlantic Forest,Abarema limae
area12,-27.816111,-50.324167,8,Mixed Ombrophilous Atlantic Forest,Acca sellowiana
area4,-28.733333,-49.75,49,Montane Dense Ombrophilous Atlantic Forest ,Actinostemon concolor
area1,-20.798333,-41.292778,703,Submontane Seasonal Atlantic Forest,Actinostemon klotzschii
area1,-20.798333,-41.292778,7,Submontane Seasonal Atlantic Forest,Actinostemon verticillatus
area9,-8.032611,-35.192125,58,Lowlands Seasonal Atlantic Forest ,Actinostemon verticillatus
area4,-28.733333,-49.75,2,Montane Dense Ombrophilous Atlantic Forest ,Aegiphila brachiata
area4,-28.733333,-49.75,4,Montane Dense Ombrophilous Atlantic Forest ,Aegiphila integrifolia
area11,-21.976389,-43.878889,10,Montane Cloud Atlantic Forest,Aegiphila sellowiana
area10,-21.999167,-43.890833,1,Montane Dense Ombrophilous Atlantic Forest ,Agonandra excelsa
area3,-22.7222082,-42.628058,3,Submontane Dense Ombrophilous Atlantic Forest ,Aiouea saligna
area4,-28.733333,-49.75,2,Montane Dense Ombrophilous Atlantic Forest ,Albizia edwallii
area9,-8.032611,-35.192125,13,Lowlands Seasonal Atlantic Forest ,Albizia polycephala
area3,-22.7222082,-42.628058,1,Submontane Dense Ombrophilous Atlantic Forest ,Albizia polycephala
area7,-7.633333,-35.5,1,Montane Dense Ombrophilous Atlantic Forest ,Albizia polycephala
area3,-22.7222082,-42.628058,4,Submontane Dense Ombrophilous Atlantic Forest ,Alchornea glandulosa
area4,-28.733333,-49.75,4,Montane Dense Ombrophilous Atlantic Forest ,Alchornea glandulosa
area11,-21.976389,-43.878889,218,Montane Cloud Atlantic Forest,Alchornea tripliner
area4,-28.733333,-49.75,41,Montane Dense Ombrophilous Atlantic Forest ,Alchornea tripliner
area5,-22.616667,-43.883333,1,Montane Seasonal Atlantic Forest ,Alchornea tripliner
area10,-21.999167,-43.890833,3,Montane Dense Ombrophilous Atlantic Forest ,Alchornea tripliner
area12,-27.816111,-50.324167,29,Mixed Ombrophilous Atlantic Forest,Allophylus guaraniticus
area2,-22.528333,-50.715556,2,Montane Dense Ombrophilous Atlantic Forest ,Allophylus petiolulatus
area8,-20.673889,-40.393889,2,Submontane Dense Ombrophilous Atlantic Forest ,Allophylus puberulus
area9,-8.032611,-35.192125,29,Lowlands Seasonal Atlantic Forest ,Alseis floribunda
area13,-8.016667,-35.174167,1,Lowlands Dense Ombrophilous Atlantic Forest ,Alseis pickelii
area9,-8.032611,-35.192125,5,Lowlands Seasonal Atlantic Forest ,Alseis pickelii
area4,-28.733333,-49.75,77,Montane Dense Ombrophilous Atlantic Forest ,Alsophila setosa
area8,-20.673889,-40.393889,1,Submontane Dense Ombrophilous Atlantic Forest ,Amaioua guianensis
area7,-7.633333,-35.5,6,Montane Dense Ombrophilous Atlantic Forest ,Amaioua guianensis
area10,-21.999167,-43.890833,16,Montane Dense Ombrophilous Atlantic Forest ,Amaioua guianensis
area11,-21.976389,-43.878889,1,Montane Cloud Atlantic Forest,Amaioua guianensis
area6,-19.616667,-43.4,3,Montane Seasonal Atlantic Forest ,Amaioua intermedia
area9,-8.032611,-35.192125,2,Lowlands Seasonal Atlantic Forest ,Amphirrox surinamensis
area6,-19.616667,-43.4,1,Montane Seasonal Atlantic Forest ,Anadenanthera colubrina
area1,-20.798333,-41.292778,94,Submontane Seasonal Atlantic Forest,Anadenanthera peregrina
area13,-8.016667,-35.174167,24,Lowlands Dense Ombrophilous Atlantic Forest ,Anaxagorea dolichocarpa
area3,-22.7222082,-42.628058,2,Submontane Dense Ombrophilous Atlantic Forest ,Andira anthelmia
area3,-22.7222082,-42.628058,2,Submontane Dense Ombrophilous Atlantic Forest ,Andira fraxinifolia
area13,-8.016667,-35.174167,5,Lowlands Dense Ombrophilous Atlantic Forest ,Andira nitida
area8,-20.673889,-40.393889,1,Submontane Dense Ombrophilous Atlantic Forest ,Andira nitida
area1,-20.798333,-41.292778,5,Submontane Seasonal Atlantic Forest,Andradea floribunda
area5,-22.616667,-43.883333,1,Montane Seasonal Atlantic Forest ,Aniba firmula
area10,-21.999167,-43.890833,2,Montane Dense Ombrophilous Atlantic Forest ,Aniba firmula
area8,-20.673889,-40.393889,30,Submontane Dense Ombrophilous Atlantic Forest ,Annona acutiflora
area4,-28.733333,-49.75,4,Montane Dense Ombrophilous Atlantic Forest ,Annona cacans
area11,-21.976389,-43.878889,20,Montane Cloud Atlantic Forest,Annona cacans
area4,-28.733333,-49.75,2,Montane Dense Ombrophilous Atlantic Forest ,Annona neosericea
area4,-28.733333,-49.75,12,Montane Dense Ombrophilous Atlantic Forest ,Annona rugulosa
area12,-27.816111,-50.324167,15,Mixed Ombrophilous Atlantic Forest,Annona rugulosa
area4,-28.733333,-49.75,6,Montane Dense Ombrophilous Atlantic Forest ,Annona sericea
area3,-22.7222082,-42.628058,12,Submontane Dense Ombrophilous Atlantic Forest ,Aparisthmium cordatum
area6,-19.616667,-43.4,13,Montane Seasonal Atlantic Forest ,Aparisthmium cordatum
area7,-7.633333,-35.5,1,Montane Dense Ombrophilous Atlantic Forest ,Aparisthmium cordatum
area10,-21.999167,-43.890833,94,Montane Dense Ombrophilous Atlantic Forest ,Aparisthmium cordatum
area7,-7.633333,-35.5,1,Montane Dense Ombrophilous Atlantic Forest ,Apeiba tibourbou
area3,-22.7222082,-42.628058,13,Submontane Dense Ombrophilous Atlantic Forest ,Apuleia leiocarpa
area5,-22.616667,-43.883333,2,Montane Seasonal Atlantic Forest ,Apuleia leiocarpa
area6,-19.616667,-43.4,8,Montane Seasonal Atlantic Forest ,Apuleia leiocarpa
area12,-27.816111,-50.324167,198,Mixed Ombrophilous Atlantic Forest,Araucaria angustifolia
area11,-21.976389,-43.878889,1,Montane Cloud Atlantic Forest,Aspidosperma australe
area7,-7.633333,-35.5,1,Montane Dense Ombrophilous Atlantic Forest ,Aspidosperma discolor
area4,-28.733333,-49.75,12,Montane Dense Ombrophilous Atlantic Forest ,Aspidosperma olivaceum
area11,-21.976389,-43.878889,2,Montane Cloud Atlantic Forest,Aspidosperma olivaceum
area9,-8.032611,-35.192125,1,Lowlands Seasonal Atlantic Forest ,Aspidosperma parvifolium
area8,-20.673889,-40.393889,42,Submontane Dense Ombrophilous Atlantic Forest ,Aspidosperma parvifolium
area2,-22.528333,-50.715556,5,Montane Dense Ombrophilous Atlantic Forest ,Aspidosperma ramiflorum
area7,-7.633333,-35.5,1,Montane Dense Ombrophilous Atlantic Forest ,Aspidosperma spruceanum
area2,-22.528333,-50.715556,3,Montane Dense Ombrophilous Atlantic Forest ,Astrocaryum aculeatissimum
area3,-22.7222082,-42.628058,18,Submontane Dense Ombrophilous Atlantic Forest ,Astrocaryum aculeatissimum
area5,-22.616667,-43.883333,11,Montane Seasonal Atlantic Forest ,Astrocaryum aculeatissimum
area1,-20.798333,-41.292778,89,Submontane Seasonal Atlantic Forest,Astronium concinnum
area6,-19.616667,-43.4,2,Montane Seasonal Atlantic Forest ,Astronium fraxinifolium
area1,-20.798333,-41.292778,29,Submontane Seasonal Atlantic Forest,Astronium graveolens
area3,-22.7222082,-42.628058,5,Submontane Dense Ombrophilous Atlantic Forest ,Astronium graveolens
area5,-22.616667,-43.883333,5,Montane Seasonal Atlantic Forest ,Astronium graveolens
area3,-22.7222082,-42.628058,1,Submontane Dense Ombrophilous Atlantic Forest ,Aureliana fasciculata
area8,-20.673889,-40.393889,7,Submontane Dense Ombrophilous Atlantic Forest ,Bactris vulgaris
area7,-7.633333,-35.5,4,Montane Dense Ombrophilous Atlantic Forest ,Banara brasiliensis
area12,-27.816111,-50.324167,51,Mixed Ombrophilous Atlantic Forest,Banara tomentosa
area2,-22.528333,-50.715556,4,Montane Dense Ombrophilous Atlantic Forest ,Barnebya dispar
area1,-20.798333,-41.292778,13,Submontane Seasonal Atlantic Forest,Basiloxylon brasiliensis
area3,-22.7222082,-42.628058,2,Submontane Dense Ombrophilous Atlantic Forest ,Bathysa australis
area4,-28.733333,-49.75,114,Montane Dense Ombrophilous Atlantic Forest ,Bathysa australis
area5,-22.616667,-43.883333,1,Montane Seasonal Atlantic Forest ,Bathysa australis
area3,-22.7222082,-42.628058,2,Submontane Dense Ombrophilous Atlantic Forest ,Bathysa mendoncaei
area2,-22.528333,-50.715556,3,Montane Dense Ombrophilous Atlantic Forest ,Bathysa stipulata
area5,-22.616667,-43.883333,1,Montane Seasonal Atlantic Forest ,Bauhinia forficata
area9,-8.032611,-35.192125,1,Lowlands Seasonal Atlantic Forest ,Bauhinia membranacea
area2,-22.528333,-50.715556,2,Montane Dense Ombrophilous Atlantic Forest ,Beilschmiedia emarginata
area3,-22.7222082,-42.628058,1,Submontane Dense Ombrophilous Atlantic Forest ,Beilschmiedia fluminensis
area2,-22.528333,-50.715556,1,Montane Dense Ombrophilous Atlantic Forest ,Beilschmiedia stricta
area10,-21.999167,-43.890833,20,Montane Dense Ombrophilous Atlantic Forest ,Beilschmiedia taubertiana
area6,-19.616667,-43.4,12,Montane Seasonal Atlantic Forest ,Beilschmiedia vestita
area12,-27.816111,-50.324167,6,Mixed Ombrophilous Atlantic Forest,Blepharocalyx salicifolius
area7,-7.633333,-35.5,2,Montane Dense Ombrophilous Atlantic Forest ,Bowdichia virgilioides
area9,-8.032611,-35.192125,2,Lowlands Seasonal Atlantic Forest ,Bowdichia virgilioides
area13,-8.016667,-35.174167,15,Lowlands Dense Ombrophilous Atlantic Forest ,Bowdichia virgilioides
area13,-8.016667,-35.174167,2,Lowlands Dense Ombrophilous Atlantic Forest ,Brosimum gaudichaudii
area2,-22.528333,-50.715556,1,Montane Dense Ombrophilous Atlantic Forest ,Brosimum glaziovii
area3,-22.7222082,-42.628058,6,Submontane Dense Ombrophilous Atlantic Forest ,Brosimum guianense
area5,-22.616667,-43.883333,3,Montane Seasonal Atlantic Forest ,Brosimum guianense
area6,-19.616667,-43.4,2,Montane Seasonal Atlantic Forest ,Brosimum guianense
area9,-8.032611,-35.192125,84,Lowlands Seasonal Atlantic Forest ,Brosimum guianense
area13,-8.016667,-35.174167,33,Lowlands Dense Ombrophilous Atlantic Forest ,Brosimum guianense
area13,-8.016667,-35.174167,1,Lowlands Dense Ombrophilous Atlantic Forest ,Brosimum guianense
area8,-20.673889,-40.393889,1,Submontane Dense Ombrophilous Atlantic Forest ,Buchenavia capitata
area6,-19.616667,-43.4,2,Montane Seasonal Atlantic Forest ,Buchenavia hoehneana
area6,-19.616667,-43.4,1,Montane Seasonal Atlantic Forest ,Buchenavia tetraphylla
area7,-7.633333,-35.5,1,Montane Dense Ombrophilous Atlantic Forest ,Buchenavia tetraphylla
area8,-20.673889,-40.393889,17,Submontane Dense Ombrophilous Atlantic Forest ,Byrsonima bahiana
area7,-7.633333,-35.5,3,Montane Dense Ombrophilous Atlantic Forest ,Byrsonima crispa
area11,-21.976389,-43.878889,2,Montane Cloud Atlantic Forest,Byrsonima lancifolia
area10,-21.999167,-43.890833,5,Montane Dense Ombrophilous Atlantic Forest ,Byrsonima laxiflora
area10,-21.999167,-43.890833,5,Montane Dense Ombrophilous Atlantic Forest ,Byrsonima myricifolia
area6,-19.616667,-43.4,4,Montane Seasonal Atlantic Forest ,Byrsonima sericea
area7,-7.633333,-35.5,5,Montane Dense Ombrophilous Atlantic Forest ,Byrsonima sericea
area9,-8.032611,-35.192125,1,Lowlands Seasonal Atlantic Forest ,Byrsonima sericea
area13,-8.016667,-35.174167,1,Lowlands Dense Ombrophilous Atlantic Forest ,Byrsonima sericea
area3,-22.7222082,-42.628058,19,Submontane Dense Ombrophilous Atlantic Forest ,Cabralea canjerana
area4,-28.733333,-49.75,65,Montane Dense Ombrophilous Atlantic Forest ,Cabralea canjerana
area5,-22.616667,-43.883333,2,Montane Seasonal Atlantic Forest ,Cabralea canjerana
area7,-7.633333,-35.5,4,Montane Dense Ombrophilous Atlantic Forest ,Cabralea canjerana
area10,-21.999167,-43.890833,3,Montane Dense Ombrophilous Atlantic Forest ,Cabralea canjerana
area11,-21.976389,-43.878889,10,Montane Cloud Atlantic Forest,Cabralea canjerana
area9,-8.032611,-35.192125,59,Lowlands Seasonal Atlantic Forest ,Caesalpinia echinata
area6,-19.616667,-43.4,1,Montane Seasonal Atlantic Forest ,Calyptranthes clusiifolia
area12,-27.816111,-50.324167,9,Mixed Ombrophilous Atlantic Forest,Calyptranthes concinna
area4,-28.733333,-49.75,12,Montane Dense Ombrophilous Atlantic Forest ,Calyptranthes grandifolia
area11,-21.976389,-43.878889,1,Montane Cloud Atlantic Forest,Calyptranthes grandifolia
area2,-22.528333,-50.715556,3,Montane Dense Ombrophilous Atlantic Forest ,Calyptranthes lucida
area9,-8.032611,-35.192125,1,Lowlands Seasonal Atlantic Forest ,Calyptranthes polyantha
area10,-21.999167,-43.890833,2,Montane Dense Ombrophilous Atlantic Forest ,Calyptranthes widgreniana
area7,-7.633333,-35.5,4,Montane Dense Ombrophilous Atlantic Forest ,Campomanesia eugenioides
area8,-20.673889,-40.393889,6,Submontane Dense Ombrophilous Atlantic Forest ,Campomanesia guaviroba
area8,-20.673889,-40.393889,29,Submontane Dense Ombrophilous Atlantic Forest ,Campomanesia guazumifolia
area4,-28.733333,-49.75,6,Montane Dense Ombrophilous Atlantic Forest ,Campomanesia xanthocarpa
area12,-27.816111,-50.324167,55,Mixed Ombrophilous Atlantic Forest,Campomanesia xanthocarpa
area8,-20.673889,-40.393889,17,Submontane Dense Ombrophilous Atlantic Forest ,Capparis flexuosa
area10,-21.999167,-43.890833,1,Montane Dense Ombrophilous Atlantic Forest ,Capsicodendron dinisii
area1,-20.798333,-41.292778,4,Submontane Seasonal Atlantic Forest,Cariniana legalis
area2,-22.528333,-50.715556,3,Montane Dense Ombrophilous Atlantic Forest ,Cariniana legalis
area13,-8.016667,-35.174167,1,Lowlands Dense Ombrophilous Atlantic Forest ,Carpotroche brasiliensis
area3,-22.7222082,-42.628058,12,Submontane Dense Ombrophilous Atlantic Forest ,Casearia arborea
area6,-19.616667,-43.4,3,Montane Seasonal Atlantic Forest ,Casearia arborea
area10,-21.999167,-43.890833,3,Montane Dense Ombrophilous Atlantic Forest ,Casearia arborea
area6,-19.616667,-43.4,4,Montane Seasonal Atlantic Forest ,Casearia decandra
area11,-21.976389,-43.878889,1,Montane Cloud Atlantic Forest,Casearia decandra
area12,-27.816111,-50.324167,74,Mixed Ombrophilous Atlantic Forest,Casearia decandra
area7,-7.633333,-35.5,5,Montane Dense Ombrophilous Atlantic Forest ,Casearia javitensis
area13,-8.016667,-35.174167,9,Lowlands Dense Ombrophilous Atlantic Forest ,Casearia javitensis
area12,-27.816111,-50.324167,10,Mixed Ombrophilous Atlantic Forest,Casearia obliqua
area2,-22.528333,-50.715556,1,Montane Dense Ombrophilous Atlantic Forest ,Casearia pauciflora
area6,-19.616667,-43.4,1,Montane Seasonal Atlantic Forest ,Casearia selloana
area3,-22.7222082,-42.628058,2,Submontane Dense Ombrophilous Atlantic Forest ,Casearia sylvestris
area4,-28.733333,-49.75,37,Montane Dense Ombrophilous Atlantic Forest ,Casearia sylvestris
area5,-22.616667,-43.883333,2,Montane Seasonal Atlantic Forest ,Casearia sylvestris
area7,-7.633333,-35.5,3,Montane Dense Ombrophilous Atlantic Forest ,Casearia sylvestris
area9,-8.032611,-35.192125,2,Lowlands Seasonal Atlantic Forest ,Casearia sylvestris
area11,-21.976389,-43.878889,1,Montane Cloud Atlantic Forest,Casearia sylvestris
area5,-22.616667,-43.883333,1,Montane Seasonal Atlantic Forest ,Casearia ulmifolia
area6,-19.616667,-43.4,2,Montane Seasonal Atlantic Forest ,Casearia ulmifolia
area8,-20.673889,-40.393889,14,Submontane Dense Ombrophilous Atlantic Forest ,Cathedra rubricaulis
area4,-28.733333,-49.75,4,Montane Dense Ombrophilous Atlantic Forest ,Cecropia glaziovii
area5,-22.616667,-43.883333,1,Montane Seasonal Atlantic Forest ,Cecropia glaziovii
area6,-19.616667,-43.4,1,Montane Seasonal Atlantic Forest ,Cecropia hololeuca
area11,-21.976389,-43.878889,4,Montane Cloud Atlantic Forest,Cecropia hololeuca
area13,-8.016667,-35.174167,51,Lowlands Dense Ombrophilous Atlantic Forest ,Cecropia pachystachya
area3,-22.7222082,-42.628058,1,Submontane Dense Ombrophilous Atlantic Forest ,Cedrela fissilis
area4,-28.733333,-49.75,12,Montane Dense Ombrophilous Atlantic Forest ,Cedrela fissilis
area3,-22.7222082,-42.628058,1,Submontane Dense Ombrophilous Atlantic Forest ,Cedrela odorata
area7,-7.633333,-35.5,3,Montane Dense Ombrophilous Atlantic Forest ,Cedrela odorata
area7,-7.633333,-35.5,3,Montane Dense Ombrophilous Atlantic Forest ,Cedrela odorata
area2,-22.528333,-50.715556,1,Montane Dense Ombrophilous Atlantic Forest ,Ceiba speciosa
area12,-27.816111,-50.324167,6,Mixed Ombrophilous Atlantic Forest,Celtis brasiliensis
area3,-22.7222082,-42.628058,25,Submontane Dense Ombrophilous Atlantic Forest ,Chamaecrista ensiformis
area9,-8.032611,-35.192125,156,Lowlands Seasonal Atlantic Forest ,Chamaecrista ensiformis
area7,-7.633333,-35.5,1,Montane Dense Ombrophilous Atlantic Forest ,Cheiloclinium cognatum
area10,-21.999167,-43.890833,2,Montane Dense Ombrophilous Atlantic Forest ,Cheiloclinium cognatum
area8,-20.673889,-40.393889,1,Submontane Dense Ombrophilous Atlantic Forest ,Chlorophora tinctoria
area5,-22.616667,-43.883333,1,Montane Seasonal Atlantic Forest ,Chomelia brasiliana
area10,-21.999167,-43.890833,3,Montane Dense Ombrophilous Atlantic Forest ,Chomelia sericea
area11,-21.976389,-43.878889,7,Montane Cloud Atlantic Forest,Chomelia sericea
area9,-8.032611,-35.192125,1,Lowlands Seasonal Atlantic Forest ,Christiana africana
area10,-21.999167,-43.890833,6,Montane Dense Ombrophilous Atlantic Forest ,Chrysochlamys saldanhae
area2,-22.528333,-50.715556,32,Montane Dense Ombrophilous Atlantic Forest ,Chrysophyllum flexuosum
area3,-22.7222082,-42.628058,3,Submontane Dense Ombrophilous Atlantic Forest ,Chrysophyllum flexuosum
area10,-21.999167,-43.890833,1,Montane Dense Ombrophilous Atlantic Forest ,Chrysophyllum gonocarpum
area4,-28.733333,-49.75,10,Montane Dense Ombrophilous Atlantic Forest ,Chrysophyllum inornatum
area8,-20.673889,-40.393889,5,Submontane Dense Ombrophilous Atlantic Forest ,Chrysophyllum januarensis
area1,-20.798333,-41.292778,67,Submontane Seasonal Atlantic Forest,Chrysophyllum lucentifolium
area8,-20.673889,-40.393889,51,Submontane Dense Ombrophilous Atlantic Forest ,Chrysophyllum lucentifolium
area1,-20.798333,-41.292778,97,Submontane Seasonal Atlantic Forest,Chrysophyllum lucentifolium
area1,-20.798333,-41.292778,4,Submontane Seasonal Atlantic Forest,Chrysophyllum splendens
area12,-27.816111,-50.324167,13,Mixed Ombrophilous Atlantic Forest,Cinnamodendron dinisii
area4,-28.733333,-49.75,2,Montane Dense Ombrophilous Atlantic Forest ,Cinnamomum glaziovii
area7,-7.633333,-35.5,3,Montane Dense Ombrophilous Atlantic Forest ,Cinnamomum triplinerve
area4,-28.733333,-49.75,8,Montane Dense Ombrophilous Atlantic Forest ,Citharexylum myrianthum
area2,-22.528333,-50.715556,7,Montane Dense Ombrophilous Atlantic Forest ,Citronella paniculata
area4,-28.733333,-49.75,18,Montane Dense Ombrophilous Atlantic Forest ,Citronella paniculata
area7,-7.633333,-35.5,1,Montane Dense Ombrophilous Atlantic Forest ,Citronella paniculata
area11,-21.976389,-43.878889,4,Montane Cloud Atlantic Forest,Citronella paniculata
area1,-20.798333,-41.292778,14,Submontane Seasonal Atlantic Forest,Clarisia racemosa
area7,-7.633333,-35.5,13,Montane Dense Ombrophilous Atlantic Forest ,Clarisia racemosa
area4,-28.733333,-49.75,2,Montane Dense Ombrophilous Atlantic Forest ,Clethra scabra
area11,-21.976389,-43.878889,2,Montane Cloud Atlantic Forest,Clethra scabra
area12,-27.816111,-50.324167,4,Mixed Ombrophilous Atlantic Forest,Clethra scabra
area8,-20.673889,-40.393889,1,Submontane Dense Ombrophilous Atlantic Forest ,Clusia hilariana
area7,-7.633333,-35.5,1,Montane Dense Ombrophilous Atlantic Forest ,Clusia pernambucensis
area8,-20.673889,-40.393889,1,Submontane Dense Ombrophilous Atlantic Forest ,Clusia spiritu-sanctensis
area9,-8.032611,-35.192125,2,Lowlands Seasonal Atlantic Forest ,Cnidoscolus oligandrus
area1,-20.798333,-41.292778,10,Submontane Seasonal Atlantic Forest,Cnidoscolus oligandrus
area8,-20.673889,-40.393889,10,Submontane Dense Ombrophilous Atlantic Forest ,Coccoloba alnifolia
area9,-8.032611,-35.192125,18,Lowlands Seasonal Atlantic Forest ,Coccoloba mollis
area7,-7.633333,-35.5,1,Montane Dense Ombrophilous Atlantic Forest ,Coccoloba parimensis
area9,-8.032611,-35.192125,1,Lowlands Seasonal Atlantic Forest ,Colubrina glandulosa
area2,-22.528333,-50.715556,2,Montane Dense Ombrophilous Atlantic Forest ,Connarus detersus
area6,-19.616667,-43.4,13,Montane Seasonal Atlantic Forest ,Copaifera langsdorffii
area7,-7.633333,-35.5,9,Montane Dense Ombrophilous Atlantic Forest ,Copaifera langsdorffii
area10,-21.999167,-43.890833,14,Montane Dense Ombrophilous Atlantic Forest ,Copaifera langsdorffii
area1,-20.798333,-41.292778,21,Submontane Seasonal Atlantic Forest,Copaifera lucens
area6,-19.616667,-43.4,1,Montane Seasonal Atlantic Forest ,Copaifera trapezifolia
area10,-21.999167,-43.890833,10,Montane Dense Ombrophilous Atlantic Forest ,Copaifera trapezifolia
area7,-7.633333,-35.5,2,Montane Dense Ombrophilous Atlantic Forest ,Cordia nodosa
area6,-19.616667,-43.4,2,Montane Seasonal Atlantic Forest ,Cordia sellowiana
area4,-28.733333,-49.75,12,Montane Dense Ombrophilous Atlantic Forest ,Cordia silvestris
area11,-21.976389,-43.878889,6,Montane Cloud Atlantic Forest,Cordia silvestris
area11,-21.976389,-43.878889,7,Montane Cloud Atlantic Forest,Cordia trichoclada
area10,-21.999167,-43.890833,2,Montane Dense Ombrophilous Atlantic Forest ,Cordia trichotoma
area1,-20.798333,-41.292778,13,Submontane Seasonal Atlantic Forest,Couratari asterotricha
area3,-22.7222082,-42.628058,6,Submontane Dense Ombrophilous Atlantic Forest ,Couratari pyramidata
area8,-20.673889,-40.393889,5,Submontane Dense Ombrophilous Atlantic Forest ,Coussapoa microcarpa
area6,-19.616667,-43.4,1,Montane Seasonal Atlantic Forest ,Coussarea congestiflora
area3,-22.7222082,-42.628058,7,Submontane Dense Ombrophilous Atlantic Forest ,Coussarea nodosa
area10,-21.999167,-43.890833,13,Montane Dense Ombrophilous Atlantic Forest ,Coussarea verticillata
area11,-21.976389,-43.878889,8,Montane Cloud Atlantic Forest,Coussarea verticillata
area8,-20.673889,-40.393889,6,Submontane Dense Ombrophilous Atlantic Forest ,Crataeva tapia
area3,-22.7222082,-42.628058,4,Submontane Dense Ombrophilous Atlantic Forest ,Croton floribundus
area5,-22.616667,-43.883333,1,Montane Seasonal Atlantic Forest ,Croton floribundus
area7,-7.633333,-35.5,12,Montane Dense Ombrophilous Atlantic Forest ,Croton floribundus
area10,-21.999167,-43.890833,20,Montane Dense Ombrophilous Atlantic Forest ,Cryptocarya micrantha
area11,-21.976389,-43.878889,3,Montane Cloud Atlantic Forest,Cryptocarya micrantha
area2,-22.528333,-50.715556,1,Montane Dense Ombrophilous Atlantic Forest ,Cryptocarya moschata
area8,-20.673889,-40.393889,1,Submontane Dense Ombrophilous Atlantic Forest ,Cupania emarginata
area5,-22.616667,-43.883333,1,Montane Seasonal Atlantic Forest ,Cupania fluminensis
area6,-19.616667,-43.4,3,Montane Seasonal Atlantic Forest ,Cupania ludowigii
area10,-21.999167,-43.890833,3,Montane Dense Ombrophilous Atlantic Forest ,Cupania ludowigii
area3,-22.7222082,-42.628058,25,Submontane Dense Ombrophilous Atlantic Forest ,Cupania oblongifolia
area5,-22.616667,-43.883333,11,Montane Seasonal Atlantic Forest ,Cupania oblongifolia
area7,-7.633333,-35.5,41,Montane Dense Ombrophilous Atlantic Forest ,Cupania oblongifolia
area9,-8.032611,-35.192125,6,Lowlands Seasonal Atlantic Forest ,Cupania oblongifolia
area3,-22.7222082,-42.628058,10,Submontane Dense Ombrophilous Atlantic Forest ,Cupania racemosa
area9,-8.032611,-35.192125,2,Lowlands Seasonal Atlantic Forest ,Cupania racemosa
area13,-8.016667,-35.174167,21,Lowlands Dense Ombrophilous Atlantic Forest ,Cupania racemosa
area9,-8.032611,-35.192125,44,Lowlands Seasonal Atlantic Forest ,Cupania revoluta
area4,-28.733333,-49.75,22,Montane Dense Ombrophilous Atlantic Forest ,Cupania vernalis
area11,-21.976389,-43.878889,6,Montane Cloud Atlantic Forest,Cupania vernalis
area12,-27.816111,-50.324167,14,Mixed Ombrophilous Atlantic Forest,Cupania vernalis
area6,-19.616667,-43.4,1,Montane Seasonal Atlantic Forest ,Cyathea corcovadensis
area4,-28.733333,-49.75,6,Montane Dense Ombrophilous Atlantic Forest ,Cyathea delgadii
area11,-21.976389,-43.878889,7,Montane Cloud Atlantic Forest,Cyathea delgadii
area10,-21.999167,-43.890833,6,Montane Dense Ombrophilous Atlantic Forest ,Cybianthus peruvianus
area3,-22.7222082,-42.628058,9,Submontane Dense Ombrophilous Atlantic Forest ,Cybistax antisyphilitica
area6,-19.616667,-43.4,1,Montane Seasonal Atlantic Forest ,Dalbergia brasiliensis
area6,-19.616667,-43.4,1,Montane Seasonal Atlantic Forest ,Dalbergia foliolosa
area5,-22.616667,-43.883333,1,Montane Seasonal Atlantic Forest ,Dalbergia frutescens
area12,-27.816111,-50.324167,9,Mixed Ombrophilous Atlantic Forest,Dalbergia frutescens
area3,-22.7222082,-42.628058,1,Submontane Dense Ombrophilous Atlantic Forest ,Dalbergia nigra
area6,-19.616667,-43.4,13,Montane Seasonal Atlantic Forest ,Dalbergia nigra
area1,-20.798333,-41.292778,7,Submontane Seasonal Atlantic Forest,Dalbergia nigra
area10,-21.999167,-43.890833,2,Montane Dense Ombrophilous Atlantic Forest ,Dalbergia nigra
area10,-21.999167,-43.890833,3,Montane Dense Ombrophilous Atlantic Forest ,Daphnopsis coriacea
area8,-20.673889,-40.393889,38,Submontane Dense Ombrophilous Atlantic Forest ,Daphnopsis coriacea
area12,-27.816111,-50.324167,1,Mixed Ombrophilous Atlantic Forest,Daphnopsis racemosa
area12,-27.816111,-50.324167,11,Mixed Ombrophilous Atlantic Forest,Dasyphyllum brasiliense
area12,-27.816111,-50.324167,24,Mixed Ombrophilous Atlantic Forest,Dasyphyllum spinescens
area7,-7.633333,-35.5,10,Montane Dense Ombrophilous Atlantic Forest ,Dendropanax arboreum
area7,-7.633333,-35.5,27,Montane Dense Ombrophilous Atlantic Forest ,Dialium guianense
area9,-8.032611,-35.192125,57,Lowlands Seasonal Atlantic Forest ,Dialium guianense
area13,-8.016667,-35.174167,7,Lowlands Dense Ombrophilous Atlantic Forest ,Dialium guianense
area4,-28.733333,-49.75,4,Montane Dense Ombrophilous Atlantic Forest ,Dicksonia sellowiana
area12,-27.816111,-50.324167,39,Mixed Ombrophilous Atlantic Forest,Dicksonia sellowiana
area10,-21.999167,-43.890833,1,Montane Dense Ombrophilous Atlantic Forest ,Dictyoloma vandellianum
area7,-7.633333,-35.5,12,Montane Dense Ombrophilous Atlantic Forest ,Diospyros guianensis
area2,-22.528333,-50.715556,2,Montane Dense Ombrophilous Atlantic Forest ,Diploon cuspidatum
area7,-7.633333,-35.5,2,Montane Dense Ombrophilous Atlantic Forest ,Diploon cuspidatum
area7,-7.633333,-35.5,23,Montane Dense Ombrophilous Atlantic Forest ,Diplotropis purpurea
area13,-8.016667,-35.174167,1,Lowlands Dense Ombrophilous Atlantic Forest ,Dipteryx odorata
area7,-7.633333,-35.5,1,Montane Dense Ombrophilous Atlantic Forest ,Discophora guianensis
area12,-27.816111,-50.324167,13,Mixed Ombrophilous Atlantic Forest,Drimys brasiliensis
area11,-21.976389,-43.878889,12,Montane Cloud Atlantic Forest,Drimys brasiliensis
area10,-21.999167,-43.890833,7,Montane Dense Ombrophilous Atlantic Forest ,Duguetia lanceolata
area4,-28.733333,-49.75,4,Montane Dense Ombrophilous Atlantic Forest ,Duguetia lanceolata
area6,-19.616667,-43.4,6,Montane Seasonal Atlantic Forest ,Duguetia lanceolata
area8,-20.673889,-40.393889,6,Submontane Dense Ombrophilous Atlantic Forest ,Dulacia singularis
area12,-27.816111,-50.324167,40,Mixed Ombrophilous Atlantic Forest,Duranta vestita
area1,-20.798333,-41.292778,22,Submontane Seasonal Atlantic Forest,Ecclinusa ramiflora
area2,-22.528333,-50.715556,5,Montane Dense Ombrophilous Atlantic Forest ,Ecclinusa ramiflora
area3,-22.7222082,-42.628058,1,Submontane Dense Ombrophilous Atlantic Forest ,Ecclinusa ramiflora
area6,-19.616667,-43.4,2,Montane Seasonal Atlantic Forest ,Endlicheria glomerata
area4,-28.733333,-49.75,26,Montane Dense Ombrophilous Atlantic Forest ,Endlicheria paniculata
area9,-8.032611,-35.192125,8,Lowlands Seasonal Atlantic Forest ,Eriotheca crenulaticalyx
area6,-19.616667,-43.4,2,Montane Seasonal Atlantic Forest ,Eriotheca macrophylla
area7,-7.633333,-35.5,1,Montane Dense Ombrophilous Atlantic Forest ,Eriotheca macrophylla
area3,-22.7222082,-42.628058,1,Submontane Dense Ombrophilous Atlantic Forest ,Eriotheca pentaphylla
area8,-20.673889,-40.393889,29,Submontane Dense Ombrophilous Atlantic Forest ,Eriotheca pentaphylla
area4,-28.733333,-49.75,2,Montane Dense Ombrophilous Atlantic Forest ,Erythrina falcata
area5,-22.616667,-43.883333,1,Montane Seasonal Atlantic Forest ,Erythrina speciosa
area9,-8.032611,-35.192125,2,Lowlands Seasonal Atlantic Forest ,Erythroxylum affine
area13,-8.016667,-35.174167,5,Lowlands Dense Ombrophilous Atlantic Forest ,Erythroxylum citrifolium
area12,-27.816111,-50.324167,11,Mixed Ombrophilous Atlantic Forest,Erythroxylum cuneifolium
area2,-22.528333,-50.715556,4,Montane Dense Ombrophilous Atlantic Forest ,Erythroxylum cuneifolium
area12,-27.816111,-50.324167,4,Mixed Ombrophilous Atlantic Forest,Erythroxylum deciduum
area8,-20.673889,-40.393889,4,Submontane Dense Ombrophilous Atlantic Forest ,Erythroxylum oxypetalum
area6,-19.616667,-43.4,6,Montane Seasonal Atlantic Forest ,Erythroxylum pelleterianum
area10,-21.999167,-43.890833,21,Montane Dense Ombrophilous Atlantic Forest ,Erythroxylum pelleterianum
area3,-22.7222082,-42.628058,1,Submontane Dense Ombrophilous Atlantic Forest ,Erythroxylum pulchrum
area5,-22.616667,-43.883333,6,Montane Seasonal Atlantic Forest ,Erythroxylum pulchrum
area7,-7.633333,-35.5,2,Montane Dense Ombrophilous Atlantic Forest ,Erythroxylum pulchrum
area7,-7.633333,-35.5,9,Montane Dense Ombrophilous Atlantic Forest ,Erythroxylum squamatum
area9,-8.032611,-35.192125,2,Lowlands Seasonal Atlantic Forest ,Eschweilera alvimii
area7,-7.633333,-35.5,45,Montane Dense Ombrophilous Atlantic Forest ,Eschweilera ovata
area13,-8.016667,-35.174167,44,Lowlands Dense Ombrophilous Atlantic Forest ,Eschweilera ovata
area9,-8.032611,-35.192125,28,Lowlands Seasonal Atlantic Forest ,Eschweilera ovata
area4,-28.733333,-49.75,2,Montane Dense Ombrophilous Atlantic Forest ,Esenbeckia grandiflora
area10,-21.999167,-43.890833,13,Montane Dense Ombrophilous Atlantic Forest ,Eugenia acutata
area7,-7.633333,-35.5,2,Montane Dense Ombrophilous Atlantic Forest ,Eugenia ayacuchae
area4,-28.733333,-49.75,2,Montane Dense Ombrophilous Atlantic Forest ,Eugenia bacopari
area3,-22.7222082,-42.628058,1,Submontane Dense Ombrophilous Atlantic Forest ,Eugenia bahiensis
area8,-20.673889,-40.393889,20,Submontane Dense Ombrophilous Atlantic Forest ,Eugenia bahiensis
area5,-22.616667,-43.883333,2,Montane Seasonal Atlantic Forest ,Eugenia brasiliensis
area10,-21.999167,-43.890833,2,Montane Dense Ombrophilous Atlantic Forest ,Eugenia brasiliensis
area2,-22.528333,-50.715556,4,Montane Dense Ombrophilous Atlantic Forest ,Eugenia cambucae
area5,-22.616667,-43.883333,4,Montane Seasonal Atlantic Forest ,Eugenia candolleana
area10,-21.999167,-43.890833,2,Montane Dense Ombrophilous Atlantic Forest ,Eugenia cerasiflora
area2,-22.528333,-50.715556,3,Montane Dense Ombrophilous Atlantic Forest ,Eugenia chlorophylla
area8,-20.673889,-40.393889,6,Submontane Dense Ombrophilous Atlantic Forest ,Eugenia chlorophylla
area7,-7.633333,-35.5,2,Montane Dense Ombrophilous Atlantic Forest ,Eugenia diplocampta
area8,-20.673889,-40.393889,29,Submontane Dense Ombrophilous Atlantic Forest ,Eugenia excelsa
area2,-22.528333,-50.715556,1,Montane Dense Ombrophilous Atlantic Forest ,Eugenia expansa
area10,-21.999167,-43.890833,14,Montane Dense Ombrophilous Atlantic Forest ,Eugenia involucrata
area2,-22.528333,-50.715556,2,Montane Dense Ombrophilous Atlantic Forest ,Eugenia mandioccensis
area2,-22.528333,-50.715556,8,Montane Dense Ombrophilous Atlantic Forest ,Eugenia microcarpa
area8,-20.673889,-40.393889,5,Submontane Dense Ombrophilous Atlantic Forest ,Eugenia monosperma
area6,-19.616667,-43.4,3,Montane Seasonal Atlantic Forest ,Eugenia nutans
area2,-22.528333,-50.715556,17,Montane Dense Ombrophilous Atlantic Forest ,Eugenia pisiformis
area12,-27.816111,-50.324167,6,Mixed Ombrophilous Atlantic Forest,Eugenia pluriflora
area3,-22.7222082,-42.628058,3,Submontane Dense Ombrophilous Atlantic Forest ,Eugenia pruniformis
area8,-20.673889,-40.393889,5,Submontane Dense Ombrophilous Atlantic Forest ,Eugenia punicifolia
area12,-27.816111,-50.324167,9,Mixed Ombrophilous Atlantic Forest,Eugenia pyriformis
area8,-20.673889,-40.393889,14,Submontane Dense Ombrophilous Atlantic Forest ,Eugenia rostrata
area8,-20.673889,-40.393889,2,Submontane Dense Ombrophilous Atlantic Forest ,Eugenia speciosa
area6,-19.616667,-43.4,1,Montane Seasonal Atlantic Forest ,Eugenia strictissima
area2,-22.528333,-50.715556,1,Montane Dense Ombrophilous Atlantic Forest ,Eugenia subavenia
area6,-19.616667,-43.4,6,Montane Seasonal Atlantic Forest ,Eugenia tenuipedunculata
area8,-20.673889,-40.393889,4,Submontane Dense Ombrophilous Atlantic Forest ,Eugenia umbelliflora
area12,-27.816111,-50.324167,3,Mixed Ombrophilous Atlantic Forest,Eugenia uruguayensis
area2,-22.528333,-50.715556,29,Montane Dense Ombrophilous Atlantic Forest ,Eugenia vattimoana
area6,-19.616667,-43.4,1,Montane Seasonal Atlantic Forest ,Eugenia widgrenii
area10,-21.999167,-43.890833,63,Montane Dense Ombrophilous Atlantic Forest ,Eugenia widgrenii
area11,-21.976389,-43.878889,7,Montane Cloud Atlantic Forest,Eugenia widgrenii
area2,-22.528333,-50.715556,45,Montane Dense Ombrophilous Atlantic Forest ,Euterpe edulis
area4,-28.733333,-49.75,645,Montane Dense Ombrophilous Atlantic Forest ,Euterpe edulis
area11,-21.976389,-43.878889,6,Montane Cloud Atlantic Forest,Euterpe edulis
area8,-20.673889,-40.393889,6,Submontane Dense Ombrophilous Atlantic Forest ,Exostylis venusta
area6,-19.616667,-43.4,2,Montane Seasonal Atlantic Forest ,Ferdinandusa Pohl
area3,-22.7222082,-42.628058,2,Submontane Dense Ombrophilous Atlantic Forest ,Ficus adhatodifolia
area2,-22.528333,-50.715556,1,Montane Dense Ombrophilous Atlantic Forest ,Ficus clusiifolia
area8,-20.673889,-40.393889,3,Submontane Dense Ombrophilous Atlantic Forest ,Ficus clusiifolia
area8,-20.673889,-40.393889,3,Submontane Dense Ombrophilous Atlantic Forest ,Ficus cyclophylla
area5,-22.616667,-43.883333,2,Montane Seasonal Atlantic Forest ,Ficus enormis
area8,-20.673889,-40.393889,1,Submontane Dense Ombrophilous Atlantic Forest ,Ficus hirsuta
area4,-28.733333,-49.75,4,Montane Dense Ombrophilous Atlantic Forest ,Ficus luschnathiana
area2,-22.528333,-50.715556,1,Montane Dense Ombrophilous Atlantic Forest ,Ficus pulchella
area2,-22.528333,-50.715556,5,Montane Dense Ombrophilous Atlantic Forest ,Galipea laxiflora
area1,-20.798333,-41.292778,4,Submontane Seasonal Atlantic Forest,Gallesia integrifolia
area2,-22.528333,-50.715556,4,Montane Dense Ombrophilous Atlantic Forest ,Gallesia integrifolia
area3,-22.7222082,-42.628058,1,Submontane Dense Ombrophilous Atlantic Forest ,Garcinia brasiliensis
area7,-7.633333,-35.5,19,Montane Dense Ombrophilous Atlantic Forest ,Garcinia brasiliensis
area10,-21.999167,-43.890833,5,Montane Dense Ombrophilous Atlantic Forest ,Garcinia brasiliensis
area13,-8.016667,-35.174167,2,Lowlands Dense Ombrophilous Atlantic Forest ,Garcinia brasiliensis
area8,-20.673889,-40.393889,16,Submontane Dense Ombrophilous Atlantic Forest ,Garcinia brasiliensis
area2,-22.528333,-50.715556,7,Montane Dense Ombrophilous Atlantic Forest ,Garcinia gardneriana
area7,-7.633333,-35.5,2,Montane Dense Ombrophilous Atlantic Forest ,Garcinia gardneriana
area13,-8.016667,-35.174167,1,Lowlands Dense Ombrophilous Atlantic Forest ,Garcinia gardneriana
area1,-20.798333,-41.292778,16,Submontane Seasonal Atlantic Forest,Geissospermum laeve
area2,-22.528333,-50.715556,1,Montane Dense Ombrophilous Atlantic Forest ,Geissospermum laeve
area3,-22.7222082,-42.628058,1,Submontane Dense Ombrophilous Atlantic Forest ,Geissospermum laeve
area13,-8.016667,-35.174167,2,Lowlands Dense Ombrophilous Atlantic Forest ,Genipa americana
area6,-19.616667,-43.4,2,Montane Seasonal Atlantic Forest ,Geonoma schottiana
area10,-21.999167,-43.890833,27,Montane Dense Ombrophilous Atlantic Forest ,Geonoma schottiana
area11,-21.976389,-43.878889,9,Montane Cloud Atlantic Forest,Geonoma schottiana
area8,-20.673889,-40.393889,29,Submontane Dense Ombrophilous Atlantic Forest ,Gomidesia martiana
area2,-22.528333,-50.715556,2,Montane Dense Ombrophilous Atlantic Forest ,Guapira areolata
area10,-21.999167,-43.890833,8,Montane Dense Ombrophilous Atlantic Forest ,Guapira graciliflora
area11,-21.976389,-43.878889,1,Montane Cloud Atlantic Forest,Guapira graciliflora
area9,-8.032611,-35.192125,4,Lowlands Seasonal Atlantic Forest ,Guapira hirsuta
area13,-8.016667,-35.174167,8,Lowlands Dense Ombrophilous Atlantic Forest ,Guapira laxa
area2,-22.528333,-50.715556,1,Montane Dense Ombrophilous Atlantic Forest ,Guapira nitida
area3,-22.7222082,-42.628058,21,Submontane Dense Ombrophilous Atlantic Forest ,Guapira nitida
area1,-20.798333,-41.292778,20,Submontane Seasonal Atlantic Forest,Guapira noxia
area8,-20.673889,-40.393889,6,Submontane Dense Ombrophilous Atlantic Forest ,Guapira obtusata
area1,-20.798333,-41.292778,10,Submontane Seasonal Atlantic Forest,Guapira opposita
area2,-22.528333,-50.715556,8,Montane Dense Ombrophilous Atlantic Forest ,Guapira opposita
area3,-22.7222082,-42.628058,21,Submontane Dense Ombrophilous Atlantic Forest ,Guapira opposita
area4,-28.733333,-49.75,8,Montane Dense Ombrophilous Atlantic Forest ,Guapira opposita
area5,-22.616667,-43.883333,3,Montane Seasonal Atlantic Forest ,Guapira opposita
area7,-7.633333,-35.5,2,Montane Dense Ombrophilous Atlantic Forest ,Guapira opposita
area10,-21.999167,-43.890833,6,Montane Dense Ombrophilous Atlantic Forest ,Guapira opposita
area11,-21.976389,-43.878889,4,Montane Cloud Atlantic Forest,Guapira opposita
area13,-8.016667,-35.174167,1,Lowlands Dense Ombrophilous Atlantic Forest ,Guapira opposita
area8,-20.673889,-40.393889,35,Submontane Dense Ombrophilous Atlantic Forest ,Guapira opposita
area7,-7.633333,-35.5,6,Montane Dense Ombrophilous Atlantic Forest ,Guapira venosa
area10,-21.999167,-43.890833,5,Montane Dense Ombrophilous Atlantic Forest ,Guapira venosa
area11,-21.976389,-43.878889,64,Montane Cloud Atlantic Forest,Guapira venosa
area1,-20.798333,-41.292778,12,Submontane Seasonal Atlantic Forest,Guarea guidonia
area3,-22.7222082,-42.628058,20,Submontane Dense Ombrophilous Atlantic Forest ,Guarea guidonia
area13,-8.016667,-35.174167,6,Lowlands Dense Ombrophilous Atlantic Forest ,Guarea guidonia
area8,-20.673889,-40.393889,4,Submontane Dense Ombrophilous Atlantic Forest ,Guarea guidonia
area2,-22.528333,-50.715556,19,Montane Dense Ombrophilous Atlantic Forest ,Guarea kunthiana
area5,-22.616667,-43.883333,1,Montane Seasonal Atlantic Forest ,Guarea kunthiana
area7,-7.633333,-35.5,2,Montane Dense Ombrophilous Atlantic Forest ,Guarea kunthiana
area3,-22.7222082,-42.628058,4,Submontane Dense Ombrophilous Atlantic Forest ,Guarea macrophylla
area4,-28.733333,-49.75,6,Montane Dense Ombrophilous Atlantic Forest ,Guarea macrophylla
area7,-7.633333,-35.5,27,Montane Dense Ombrophilous Atlantic Forest ,Guarea macrophylla
area10,-21.999167,-43.890833,3,Montane Dense Ombrophilous Atlantic Forest ,Guarea macrophylla
area13,-8.016667,-35.174167,1,Lowlands Dense Ombrophilous Atlantic Forest ,Guarea macrophylla
area4,-28.733333,-49.75,2,Montane Dense Ombrophilous Atlantic Forest ,Guatteria australis
area5,-22.616667,-43.883333,4,Montane Seasonal Atlantic Forest ,Guatteria australis
area10,-21.999167,-43.890833,9,Montane Dense Ombrophilous Atlantic Forest ,Guatteria australis
area11,-21.976389,-43.878889,17,Montane Cloud Atlantic Forest,Guatteria australis
area3,-22.7222082,-42.628058,5,Submontane Dense Ombrophilous Atlantic Forest ,Guatteria candolleana
area7,-7.633333,-35.5,2,Montane Dense Ombrophilous Atlantic Forest ,Guatteria pogonopus
area13,-8.016667,-35.174167,1,Lowlands Dense Ombrophilous Atlantic Forest ,Guatteria schomburgkiana
area6,-19.616667,-43.4,1,Montane Seasonal Atlantic Forest ,Guatteria sellowiana
area6,-19.616667,-43.4,8,Montane Seasonal Atlantic Forest ,Guatteria villosissima
area9,-8.032611,-35.192125,90,Lowlands Seasonal Atlantic Forest ,Gustavia augusta
area13,-8.016667,-35.174167,10,Lowlands Dense Ombrophilous Atlantic Forest ,Gustavia augusta
area10,-21.999167,-43.890833,21,Montane Dense Ombrophilous Atlantic Forest ,Gymnanthes concolor
area12,-27.816111,-50.324167,13,Mixed Ombrophilous Atlantic Forest,Gymnanthes klotzschiana
area12,-27.816111,-50.324167,4,Mixed Ombrophilous Atlantic Forest,Handroanthus albus
area3,-22.7222082,-42.628058,1,Submontane Dense Ombrophilous Atlantic Forest ,Handroanthus chrysotrichus
area3,-22.7222082,-42.628058,1,Submontane Dense Ombrophilous Atlantic Forest ,Handroanthus heptaphyllus
area3,-22.7222082,-42.628058,2,Submontane Dense Ombrophilous Atlantic Forest ,Handroanthus serratifolius
area6,-19.616667,-43.4,1,Montane Seasonal Atlantic Forest ,Handroanthus vellosoi
area8,-20.673889,-40.393889,10,Submontane Dense Ombrophilous Atlantic Forest ,Heisteria perianthomega
area2,-22.528333,-50.715556,1,Montane Dense Ombrophilous Atlantic Forest ,Heisteria silvianii
area10,-21.999167,-43.890833,2,Montane Dense Ombrophilous Atlantic Forest ,Heisteria silvianii
area3,-22.7222082,-42.628058,34,Submontane Dense Ombrophilous Atlantic Forest ,Helicostylis tomentosa
area6,-19.616667,-43.4,8,Montane Seasonal Atlantic Forest ,Helicostylis tomentosa
area7,-7.633333,-35.5,62,Montane Dense Ombrophilous Atlantic Forest ,Helicostylis tomentosa
area13,-8.016667,-35.174167,30,Lowlands Dense Ombrophilous Atlantic Forest ,Helicostylis tomentosa
area3,-22.7222082,-42.628058,3,Submontane Dense Ombrophilous Atlantic Forest ,Himatanthus bracteatus
area5,-22.616667,-43.883333,2,Montane Seasonal Atlantic Forest ,Himatanthus bracteatus
area6,-19.616667,-43.4,1,Montane Seasonal Atlantic Forest ,Himatanthus bracteatus
area7,-7.633333,-35.5,2,Montane Dense Ombrophilous Atlantic Forest ,Himatanthus phagedaenicus
area13,-8.016667,-35.174167,16,Lowlands Dense Ombrophilous Atlantic Forest ,Himatanthus phagedaenicus
area10,-21.999167,-43.890833,3,Montane Dense Ombrophilous Atlantic Forest ,Hirtella glandulosa
area4,-28.733333,-49.75,2,Montane Dense Ombrophilous Atlantic Forest ,Hirtella hebeclada
area11,-21.976389,-43.878889,1,Montane Cloud Atlantic Forest,Hirtella hebeclada
area6,-19.616667,-43.4,1,Montane Seasonal Atlantic Forest ,Hortia brasiliana
area4,-28.733333,-49.75,6,Montane Dense Ombrophilous Atlantic Forest ,Hovenia dulcis
area2,-22.528333,-50.715556,2,Montane Dense Ombrophilous Atlantic Forest ,Hyeronima alchorneoides
area4,-28.733333,-49.75,43,Montane Dense Ombrophilous Atlantic Forest ,Hyeronima alchorneoides
area13,-8.016667,-35.174167,29,Lowlands Dense Ombrophilous Atlantic Forest ,Hyeronima alchorneoides
area6,-19.616667,-43.4,2,Montane Seasonal Atlantic Forest ,Hyeronima oblonga
area7,-7.633333,-35.5,8,Montane Dense Ombrophilous Atlantic Forest ,Hyeronima oblonga
area6,-19.616667,-43.4,4,Montane Seasonal Atlantic Forest ,Hymenaea courbaril
area13,-8.016667,-35.174167,2,Lowlands Dense Ombrophilous Atlantic Forest ,Hymenaea courbaril
area9,-8.032611,-35.192125,2,Lowlands Seasonal Atlantic Forest ,Hymenaea rubiflora
area8,-20.673889,-40.393889,4,Submontane Dense Ombrophilous Atlantic Forest ,Hymenaea rubiflora
area6,-19.616667,-43.4,4,Montane Seasonal Atlantic Forest ,Hymenolobium janeirense
area6,-19.616667,-43.4,1,Montane Seasonal Atlantic Forest ,Hyptidendron asperrimum
area12,-27.816111,-50.324167,4,Mixed Ombrophilous Atlantic Forest,Ilex brevicuspis
area12,-27.816111,-50.324167,1,Mixed Ombrophilous Atlantic Forest,Ilex dumosa
area11,-21.976389,-43.878889,13,Montane Cloud Atlantic Forest,Ilex paraguariensis
area12,-27.816111,-50.324167,4,Mixed Ombrophilous Atlantic Forest,Ilex paraguariensis
area7,-7.633333,-35.5,3,Montane Dense Ombrophilous Atlantic Forest ,Ilex sapotifolia
area4,-28.733333,-49.75,2,Montane Dense Ombrophilous Atlantic Forest ,Ilex theezans
area10,-21.999167,-43.890833,2,Montane Dense Ombrophilous Atlantic Forest ,Ilex theezans
area12,-27.816111,-50.324167,6,Mixed Ombrophilous Atlantic Forest,Ilex theezans
area7,-7.633333,-35.5,1,Montane Dense Ombrophilous Atlantic Forest ,Inga capitata
area8,-20.673889,-40.393889,16,Submontane Dense Ombrophilous Atlantic Forest ,Inga capitata
area3,-22.7222082,-42.628058,2,Submontane Dense Ombrophilous Atlantic Forest ,Inga cylindrica
area6,-19.616667,-43.4,7,Montane Seasonal Atlantic Forest ,Inga cylindrica
area7,-7.633333,-35.5,16,Montane Dense Ombrophilous Atlantic Forest ,Inga edulis
area7,-7.633333,-35.5,3,Montane Dense Ombrophilous Atlantic Forest ,Inga flagelliformis
area13,-8.016667,-35.174167,18,Lowlands Dense Ombrophilous Atlantic Forest ,Inga flagelliformis
area13,-8.016667,-35.174167,2,Lowlands Dense Ombrophilous Atlantic Forest ,Inga laurina
area4,-28.733333,-49.75,6,Montane Dense Ombrophilous Atlantic Forest ,Inga marginata
area11,-21.976389,-43.878889,10,Montane Cloud Atlantic Forest,Inga sessilis
area13,-8.016667,-35.174167,14,Lowlands Dense Ombrophilous Atlantic Forest ,Inga sessilis
area6,-19.616667,-43.4,2,Montane Seasonal Atlantic Forest ,Inga subnuda
area7,-7.633333,-35.5,4,Montane Dense Ombrophilous Atlantic Forest ,Inga subnuda
area13,-8.016667,-35.174167,50,Lowlands Dense Ombrophilous Atlantic Forest ,Inga subnuda
area10,-21.999167,-43.890833,1,Montane Dense Ombrophilous Atlantic Forest ,Inga tenuis
area7,-7.633333,-35.5,9,Montane Dense Ombrophilous Atlantic Forest ,Inga thibaudiana
area10,-21.999167,-43.890833,9,Montane Dense Ombrophilous Atlantic Forest ,Ixora brevifolia
area3,-22.7222082,-42.628058,3,Submontane Dense Ombrophilous Atlantic Forest ,Jacaranda bracteata
area6,-19.616667,-43.4,3,Montane Seasonal Atlantic Forest ,Jacaranda macrantha
area8,-20.673889,-40.393889,4,Submontane Dense Ombrophilous Atlantic Forest ,Jacaranda puberola
area4,-28.733333,-49.75,4,Montane Dense Ombrophilous Atlantic Forest ,Jacaranda puberula
area7,-7.633333,-35.5,3,Montane Dense Ombrophilous Atlantic Forest ,Jacaranda puberula
area10,-21.999167,-43.890833,4,Montane Dense Ombrophilous Atlantic Forest ,Jacaranda puberula
area12,-27.816111,-50.324167,103,Mixed Ombrophilous Atlantic Forest,Jacaranda puberula
area2,-22.528333,-50.715556,1,Montane Dense Ombrophilous Atlantic Forest ,Jacaratia spinosa
area3,-22.7222082,-42.628058,1,Submontane Dense Ombrophilous Atlantic Forest ,Jacaratia spinosa
area4,-28.733333,-49.75,4,Montane Dense Ombrophilous Atlantic Forest ,Kaunia rufescens
area8,-20.673889,-40.393889,2,Submontane Dense Ombrophilous Atlantic Forest ,Kielmeyera albopunctata
area10,-21.999167,-43.890833,1,Montane Dense Ombrophilous Atlantic Forest ,Kielmeyera coriacea
area6,-19.616667,-43.4,1,Montane Seasonal Atlantic Forest ,Kielmeyera lathrophyton
area3,-22.7222082,-42.628058,35,Submontane Dense Ombrophilous Atlantic Forest ,Lacistema pubescens
area6,-19.616667,-43.4,1,Montane Seasonal Atlantic Forest ,Lacistema pubescens
area10,-21.999167,-43.890833,20,Montane Dense Ombrophilous Atlantic Forest ,Lacistema pubescens
area4,-28.733333,-49.75,10,Montane Dense Ombrophilous Atlantic Forest ,Lamanonia ternata
area7,-7.633333,-35.5,1,Montane Dense Ombrophilous Atlantic Forest ,Lamanonia ternata
area10,-21.999167,-43.890833,1,Montane Dense Ombrophilous Atlantic Forest ,Lamanonia ternata
area12,-27.816111,-50.324167,1,Mixed Ombrophilous Atlantic Forest,Lamanonia ternata
area10,-21.999167,-43.890833,3,Montane Dense Ombrophilous Atlantic Forest ,Laplacea fruticosa
area6,-19.616667,-43.4,1,Montane Seasonal Atlantic Forest ,Laplacea tomentosa
area6,-19.616667,-43.4,3,Montane Seasonal Atlantic Forest ,Lecythis lanceolata
area1,-20.798333,-41.292778,5,Submontane Seasonal Atlantic Forest,Lecythis lurida
area7,-7.633333,-35.5,1,Montane Dense Ombrophilous Atlantic Forest ,Lecythis pisonis
area10,-21.999167,-43.890833,4,Montane Dense Ombrophilous Atlantic Forest ,Leucochloron incuriale
area2,-22.528333,-50.715556,2,Montane Dense Ombrophilous Atlantic Forest ,Licania kunthiana
area6,-19.616667,-43.4,1,Montane Seasonal Atlantic Forest ,Licania kunthiana
area7,-7.633333,-35.5,4,Montane Dense Ombrophilous Atlantic Forest ,Licania kunthiana
area10,-21.999167,-43.890833,8,Montane Dense Ombrophilous Atlantic Forest ,Licania kunthiana
area6,-19.616667,-43.4,1,Montane Seasonal Atlantic Forest ,Licania octandra
area13,-8.016667,-35.174167,2,Lowlands Dense Ombrophilous Atlantic Forest ,Licania tomentosa
area6,-19.616667,-43.4,5,Montane Seasonal Atlantic Forest ,Licaria guianensis
area8,-20.673889,-40.393889,5,Submontane Dense Ombrophilous Atlantic Forest ,Linociera micrantha
area12,-27.816111,-50.324167,35,Mixed Ombrophilous Atlantic Forest,Lithraea brasiliensis
area10,-21.999167,-43.890833,1,Montane Dense Ombrophilous Atlantic Forest ,Lithraea molleoides
area9,-8.032611,-35.192125,4,Lowlands Seasonal Atlantic Forest ,Lucuma grandiflora
area3,-22.7222082,-42.628058,4,Submontane Dense Ombrophilous Atlantic Forest ,Luehea divaricata
area4,-28.733333,-49.75,10,Montane Dense Ombrophilous Atlantic Forest ,Luehea divaricata
area3,-22.7222082,-42.628058,1,Submontane Dense Ombrophilous Atlantic Forest ,Luehea grandiflora
area7,-7.633333,-35.5,12,Montane Dense Ombrophilous Atlantic Forest ,Luehea ochrophylla
area9,-8.032611,-35.192125,19,Lowlands Seasonal Atlantic Forest ,Luehea paniculata
area3,-22.7222082,-42.628058,8,Submontane Dense Ombrophilous Atlantic Forest ,Mabea fistulifera
area5,-22.616667,-43.883333,8,Montane Seasonal Atlantic Forest ,Mabea fistulifera
area3,-22.7222082,-42.628058,15,Submontane Dense Ombrophilous Atlantic Forest ,Machaerium brasiliense
area6,-19.616667,-43.4,6,Montane Seasonal Atlantic Forest ,Machaerium brasiliense
area6,-19.616667,-43.4,11,Montane Seasonal Atlantic Forest ,Machaerium nyctitans
area11,-21.976389,-43.878889,2,Montane Cloud Atlantic Forest,Macropeplus dentatus
area6,-19.616667,-43.4,1,Montane Seasonal Atlantic Forest ,Macropeplus ligustrinus
area1,-20.798333,-41.292778,28,Submontane Seasonal Atlantic Forest,Macrothumia kuhlmannii
area4,-28.733333,-49.75,22,Montane Dense Ombrophilous Atlantic Forest ,Magnolia ovata
area7,-7.633333,-35.5,1,Montane Dense Ombrophilous Atlantic Forest ,Malanea macrophylla
area2,-22.528333,-50.715556,1,Montane Dense Ombrophilous Atlantic Forest ,Malouetia cestroides
area6,-19.616667,-43.4,5,Montane Seasonal Atlantic Forest ,Maprounea guianensis
area10,-21.999167,-43.890833,2,Montane Dense Ombrophilous Atlantic Forest ,Maprounea guianensis
area6,-19.616667,-43.4,1,Montane Seasonal Atlantic Forest ,Margaritopsis cephalantha
area8,-20.673889,-40.393889,19,Submontane Dense Ombrophilous Atlantic Forest ,Marlierea grandifolia
area10,-21.999167,-43.890833,1,Montane Dense Ombrophilous Atlantic Forest ,Marlierea laevigata
area11,-21.976389,-43.878889,1,Montane Cloud Atlantic Forest,Marlierea laevigata
area2,-22.528333,-50.715556,5,Montane Dense Ombrophilous Atlantic Forest ,Marlierea racemosa
area2,-22.528333,-50.715556,5,Montane Dense Ombrophilous Atlantic Forest ,Marlierea silvatica
area4,-28.733333,-49.75,2,Montane Dense Ombrophilous Atlantic Forest ,Marlierea silvatica
area1,-20.798333,-41.292778,32,Submontane Seasonal Atlantic Forest,Marlierea tomentosa
area12,-27.816111,-50.324167,47,Mixed Ombrophilous Atlantic Forest,Matayba elaeagnoides
area4,-28.733333,-49.75,47,Montane Dense Ombrophilous Atlantic Forest ,Matayba guianensis
area11,-21.976389,-43.878889,1,Montane Cloud Atlantic Forest,Matayba guianensis
area8,-20.673889,-40.393889,21,Submontane Dense Ombrophilous Atlantic Forest ,Matayba guianensis
area10,-21.999167,-43.890833,7,Montane Dense Ombrophilous Atlantic Forest ,Matayba juglandifolia
area12,-27.816111,-50.324167,1,Mixed Ombrophilous Atlantic Forest,Maytenus boaria
area1,-20.798333,-41.292778,14,Submontane Seasonal Atlantic Forest,Maytenus cestrifolia
area13,-8.016667,-35.174167,3,Lowlands Dense Ombrophilous Atlantic Forest ,Maytenus distichophylla
area12,-27.816111,-50.324167,4,Mixed Ombrophilous Atlantic Forest,Maytenus evonymoides
area4,-28.733333,-49.75,2,Montane Dense Ombrophilous Atlantic Forest ,Maytenus glaucescens
area10,-21.999167,-43.890833,2,Montane Dense Ombrophilous Atlantic Forest ,Maytenus glazioviana
area6,-19.616667,-43.4,1,Montane Seasonal Atlantic Forest ,Maytenus gonoclada
area12,-27.816111,-50.324167,5,Mixed Ombrophilous Atlantic Forest,Maytenus ilicifolia
area8,-20.673889,-40.393889,1,Submontane Dense Ombrophilous Atlantic Forest ,Maytenus obtusifolia
area10,-21.999167,-43.890833,40,Montane Dense Ombrophilous Atlantic Forest ,Maytenus salicifolia
area3,-22.7222082,-42.628058,1,Submontane Dense Ombrophilous Atlantic Forest ,Melanoxylon brauna
area6,-19.616667,-43.4,2,Montane Seasonal Atlantic Forest ,Melanoxylon brauna
area1,-20.798333,-41.292778,8,Submontane Seasonal Atlantic Forest,Melicoccus oliviformis
area2,-22.528333,-50.715556,1,Montane Dense Ombrophilous Atlantic Forest ,Meliosma sellowii
area4,-28.733333,-49.75,8,Montane Dense Ombrophilous Atlantic Forest ,Meliosma sellowii
area11,-21.976389,-43.878889,1,Montane Cloud Atlantic Forest,Meriania claussenii
area9,-8.032611,-35.192125,6,Lowlands Seasonal Atlantic Forest ,Metrodorea nigra
area9,-8.032611,-35.192125,8,Lowlands Seasonal Atlantic Forest ,Miconia albicans
area11,-21.976389,-43.878889,13,Montane Cloud Atlantic Forest,Miconia buddlejoides
area5,-22.616667,-43.883333,4,Montane Seasonal Atlantic Forest ,Miconia buddlejoides
area4,-28.733333,-49.75,2,Montane Dense Ombrophilous Atlantic Forest ,Miconia cabucu
area7,-7.633333,-35.5,18,Montane Dense Ombrophilous Atlantic Forest ,Miconia calvescens
area11,-21.976389,-43.878889,2,Montane Cloud Atlantic Forest,Miconia cinerascens
area12,-27.816111,-50.324167,3,Mixed Ombrophilous Atlantic Forest,Miconia cinerascens
area3,-22.7222082,-42.628058,1,Submontane Dense Ombrophilous Atlantic Forest ,Miconia cinnamomifolia
area6,-19.616667,-43.4,5,Montane Seasonal Atlantic Forest ,Miconia cinnamomifolia
area10,-21.999167,-43.890833,19,Montane Dense Ombrophilous Atlantic Forest ,Miconia cinnamomifolia
area11,-21.976389,-43.878889,6,Montane Cloud Atlantic Forest,Miconia cinnamomifolia
area11,-21.976389,-43.878889,4,Montane Cloud Atlantic Forest,Miconia doriana
area13,-8.016667,-35.174167,1,Lowlands Dense Ombrophilous Atlantic Forest ,Miconia hypoleuca
area6,-19.616667,-43.4,1,Montane Seasonal Atlantic Forest ,Miconia lepidota
area11,-21.976389,-43.878889,1,Montane Cloud Atlantic Forest,Miconia mellina
area7,-7.633333,-35.5,2,Montane Dense Ombrophilous Atlantic Forest ,Miconia minutiflora
area13,-8.016667,-35.174167,12,Lowlands Dense Ombrophilous Atlantic Forest ,Miconia nervosa
area7,-7.633333,-35.5,6,Montane Dense Ombrophilous Atlantic Forest ,Miconia prasina
area9,-8.032611,-35.192125,1,Lowlands Seasonal Atlantic Forest ,Miconia prasina
area13,-8.016667,-35.174167,34,Lowlands Dense Ombrophilous Atlantic Forest ,Miconia prasina
area11,-21.976389,-43.878889,6,Montane Cloud Atlantic Forest,Miconia tentaculifera
area13,-8.016667,-35.174167,19,Lowlands Dense Ombrophilous Atlantic Forest ,Miconia tomentosa
area10,-21.999167,-43.890833,4,Montane Dense Ombrophilous Atlantic Forest ,Miconia tristis
area10,-21.999167,-43.890833,7,Montane Dense Ombrophilous Atlantic Forest ,Miconia urophylla
area11,-21.976389,-43.878889,16,Montane Cloud Atlantic Forest,Miconia urophylla
area7,-7.633333,-35.5,1,Montane Dense Ombrophilous Atlantic Forest ,Micropholis compta
area2,-22.528333,-50.715556,1,Montane Dense Ombrophilous Atlantic Forest ,Micropholis crassipedicellata
area1,-20.798333,-41.292778,15,Submontane Seasonal Atlantic Forest,Micropholis gardneriana
area6,-19.616667,-43.4,7,Montane Seasonal Atlantic Forest ,Micropholis gardneriana
area10,-21.999167,-43.890833,3,Montane Dense Ombrophilous Atlantic Forest ,Micropholis gardneriana
area13,-8.016667,-35.174167,3,Lowlands Dense Ombrophilous Atlantic Forest ,Micropholis gardneriana
area8,-20.673889,-40.393889,8,Submontane Dense Ombrophilous Atlantic Forest ,Micropholis venulosa
area8,-20.673889,-40.393889,3,Submontane Dense Ombrophilous Atlantic Forest ,Mollinedia glabra
area2,-22.528333,-50.715556,10,Montane Dense Ombrophilous Atlantic Forest ,Mollinedia puberula
area3,-22.7222082,-42.628058,2,Submontane Dense Ombrophilous Atlantic Forest ,Mollinedia puberula
area4,-28.733333,-49.75,37,Montane Dense Ombrophilous Atlantic Forest ,Mollinedia schottiana
area11,-21.976389,-43.878889,10,Montane Cloud Atlantic Forest,Mollinedia triflora
area10,-21.999167,-43.890833,8,Montane Dense Ombrophilous Atlantic Forest ,Mollinedia widgrenii
area3,-22.7222082,-42.628058,6,Submontane Dense Ombrophilous Atlantic Forest ,Moquiniastrum polymorphum
area12,-27.816111,-50.324167,8,Mixed Ombrophilous Atlantic Forest,Moquiniastrum polymorphum
area2,-22.528333,-50.715556,3,Montane Dense Ombrophilous Atlantic Forest ,Mouriri arborea
area8,-20.673889,-40.393889,2,Submontane Dense Ombrophilous Atlantic Forest ,Mouriri arborea
area6,-19.616667,-43.4,1,Montane Seasonal Atlantic Forest ,Mouriri glazioviana
area2,-22.528333,-50.715556,21,Montane Dense Ombrophilous Atlantic Forest ,Muellera filipes
area12,-27.816111,-50.324167,1,Mixed Ombrophilous Atlantic Forest,Myrceugenia euosma
area11,-21.976389,-43.878889,1,Montane Cloud Atlantic Forest,Myrceugenia myrcioides
area12,-27.816111,-50.324167,3,Mixed Ombrophilous Atlantic Forest,Myrceugenia oxysepala
area8,-20.673889,-40.393889,27,Submontane Dense Ombrophilous Atlantic Forest ,Myrcia acuminantissima
area6,-19.616667,-43.4,2,Montane Seasonal Atlantic Forest ,Myrcia amazonica
area7,-7.633333,-35.5,111,Montane Dense Ombrophilous Atlantic Forest ,Myrcia amazonica
area8,-20.673889,-40.393889,6,Submontane Dense Ombrophilous Atlantic Forest ,Myrcia bergiana
area4,-28.733333,-49.75,4,Montane Dense Ombrophilous Atlantic Forest ,Myrcia brasiliensis
area9,-8.032611,-35.192125,1,Lowlands Seasonal Atlantic Forest ,Myrcia fallax
area8,-20.673889,-40.393889,1,Submontane Dense Ombrophilous Atlantic Forest ,Myrcia fallax
area11,-21.976389,-43.878889,14,Montane Cloud Atlantic Forest,Myrcia fenzliana
area4,-28.733333,-49.75,2,Montane Dense Ombrophilous Atlantic Forest ,Myrcia glabra
area10,-21.999167,-43.890833,3,Montane Dense Ombrophilous Atlantic Forest ,Myrcia guianensis
area11,-21.976389,-43.878889,10,Montane Cloud Atlantic Forest,Myrcia guianensis
area12,-27.816111,-50.324167,33,Mixed Ombrophilous Atlantic Forest,Myrcia guianensis
area12,-27.816111,-50.324167,5,Mixed Ombrophilous Atlantic Forest,Myrcia hatschbachii
area11,-21.976389,-43.878889,1,Montane Cloud Atlantic Forest,Myrcia hebepetala
area12,-27.816111,-50.324167,5,Mixed Ombrophilous Atlantic Forest,Myrcia laruotteana
area12,-27.816111,-50.324167,78,Mixed Ombrophilous Atlantic Forest,Myrcia oblongata
area12,-27.816111,-50.324167,11,Mixed Ombrophilous Atlantic Forest,Myrcia palustris
area4,-28.733333,-49.75,4,Montane Dense Ombrophilous Atlantic Forest ,Myrcia pubipetala
area7,-7.633333,-35.5,3,Montane Dense Ombrophilous Atlantic Forest ,Myrcia pubipetala
area2,-22.528333,-50.715556,1,Montane Dense Ombrophilous Atlantic Forest ,Myrcia splendens
area2,-22.528333,-50.715556,2,Montane Dense Ombrophilous Atlantic Forest ,Myrcia splendens
area3,-22.7222082,-42.628058,8,Submontane Dense Ombrophilous Atlantic Forest ,Myrcia splendens
area3,-22.7222082,-42.628058,4,Submontane Dense Ombrophilous Atlantic Forest ,Myrcia splendens
area4,-28.733333,-49.75,12,Montane Dense Ombrophilous Atlantic Forest ,Myrcia splendens
area5,-22.616667,-43.883333,2,Montane Seasonal Atlantic Forest ,Myrcia splendens
area6,-19.616667,-43.4,1,Montane Seasonal Atlantic Forest ,Myrcia splendens
area10,-21.999167,-43.890833,7,Montane Dense Ombrophilous Atlantic Forest ,Myrcia splendens
area11,-21.976389,-43.878889,30,Montane Cloud Atlantic Forest,Myrcia splendens
area12,-27.816111,-50.324167,159,Mixed Ombrophilous Atlantic Forest,Myrcia splendens
area13,-8.016667,-35.174167,38,Lowlands Dense Ombrophilous Atlantic Forest ,Myrcia splendens
area2,-22.528333,-50.715556,5,Montane Dense Ombrophilous Atlantic Forest ,Myrcia strigipes
area9,-8.032611,-35.192125,3,Lowlands Seasonal Atlantic Forest ,Myrcia sylvatica
area2,-22.528333,-50.715556,1,Montane Dense Ombrophilous Atlantic Forest ,Myrcia tenuivenosa
area4,-28.733333,-49.75,14,Montane Dense Ombrophilous Atlantic Forest ,Myrcia tijucensis
area12,-27.816111,-50.324167,2,Mixed Ombrophilous Atlantic Forest,Myrciaria delicatula
area8,-20.673889,-40.393889,68,Submontane Dense Ombrophilous Atlantic Forest ,Myrciaria floribunda
area4,-28.733333,-49.75,2,Montane Dense Ombrophilous Atlantic Forest ,Myrciaria floribunda
area6,-19.616667,-43.4,2,Montane Seasonal Atlantic Forest ,Myrciaria glanduliflora
area6,-19.616667,-43.4,1,Montane Seasonal Atlantic Forest ,Myrciaria pilosa
area4,-28.733333,-49.75,4,Montane Dense Ombrophilous Atlantic Forest ,Myrciaria plinioides
area4,-28.733333,-49.75,4,Montane Dense Ombrophilous Atlantic Forest ,Myrocarpus frondosus
area6,-19.616667,-43.4,3,Montane Seasonal Atlantic Forest ,Myrocarpus frondosus
area1,-20.798333,-41.292778,40,Submontane Seasonal Atlantic Forest,Myroxylon peruiferum
area12,-27.816111,-50.324167,17,Mixed Ombrophilous Atlantic Forest,Myrrhinium atropurpureum
area3,-22.7222082,-42.628058,1,Submontane Dense Ombrophilous Atlantic Forest ,Myrsine coriacea
area12,-27.816111,-50.324167,5,Mixed Ombrophilous Atlantic Forest,Myrsine coriacea
area10,-21.999167,-43.890833,1,Montane Dense Ombrophilous Atlantic Forest ,Myrsine coriacea
area11,-21.976389,-43.878889,1,Montane Cloud Atlantic Forest,Myrsine coriacea
area12,-27.816111,-50.324167,2,Mixed Ombrophilous Atlantic Forest,Myrsine gardneriana
area7,-7.633333,-35.5,6,Montane Dense Ombrophilous Atlantic Forest ,Myrsine guianensis
area8,-20.673889,-40.393889,12,Submontane Dense Ombrophilous Atlantic Forest ,Myrsine guianensis
area4,-28.733333,-49.75,10,Montane Dense Ombrophilous Atlantic Forest ,Myrsine hermogenesii
area4,-28.733333,-49.75,2,Montane Dense Ombrophilous Atlantic Forest ,Myrsine parvula
area4,-28.733333,-49.75,18,Montane Dense Ombrophilous Atlantic Forest ,Myrsine umbellata
area10,-21.999167,-43.890833,7,Montane Dense Ombrophilous Atlantic Forest ,Myrsine umbellata
area12,-27.816111,-50.324167,58,Mixed Ombrophilous Atlantic Forest,Myrsine umbellata
area2,-22.528333,-50.715556,6,Montane Dense Ombrophilous Atlantic Forest ,Naucleopsis oblongifolia
area7,-7.633333,-35.5,21,Montane Dense Ombrophilous Atlantic Forest ,Nectandra cuspidata
area13,-8.016667,-35.174167,16,Lowlands Dense Ombrophilous Atlantic Forest ,Nectandra cuspidata
area12,-27.816111,-50.324167,4,Mixed Ombrophilous Atlantic Forest,Nectandra lanceolata
area4,-28.733333,-49.75,6,Montane Dense Ombrophilous Atlantic Forest ,Nectandra megapotamica
area12,-27.816111,-50.324167,16,Mixed Ombrophilous Atlantic Forest,Nectandra megapotamica
area4,-28.733333,-49.75,55,Montane Dense Ombrophilous Atlantic Forest ,Nectandra membranacea
area5,-22.616667,-43.883333,6,Montane Seasonal Atlantic Forest ,Nectandra membranacea
area3,-22.7222082,-42.628058,1,Submontane Dense Ombrophilous Atlantic Forest ,Nectandra oppositifolia
area4,-28.733333,-49.75,10,Montane Dense Ombrophilous Atlantic Forest ,Nectandra oppositifolia
area6,-19.616667,-43.4,1,Montane Seasonal Atlantic Forest ,Nectandra oppositifolia
area1,-20.798333,-41.292778,122,Submontane Seasonal Atlantic Forest,Neoraputia alba
area6,-19.616667,-43.4,1,Montane Seasonal Atlantic Forest ,Ocotea aciphylla
area10,-21.999167,-43.890833,12,Montane Dense Ombrophilous Atlantic Forest ,Ocotea aciphylla
area6,-19.616667,-43.4,2,Montane Seasonal Atlantic Forest ,Ocotea bicolor
area10,-21.999167,-43.890833,2,Montane Dense Ombrophilous Atlantic Forest ,Ocotea bicolor
area9,-8.032611,-35.192125,5,Lowlands Seasonal Atlantic Forest ,Ocotea bracteosa
area4,-28.733333,-49.75,2,Montane Dense Ombrophilous Atlantic Forest ,Ocotea catharinensis
area11,-21.976389,-43.878889,2,Montane Cloud Atlantic Forest,Ocotea catharinensis
area1,-20.798333,-41.292778,2,Submontane Seasonal Atlantic Forest,Ocotea complicata
area10,-21.999167,-43.890833,4,Montane Dense Ombrophilous Atlantic Forest ,Ocotea complicata
area11,-21.976389,-43.878889,2,Montane Cloud Atlantic Forest,Ocotea complicata
area2,-22.528333,-50.715556,1,Montane Dense Ombrophilous Atlantic Forest ,Ocotea daphnifolia
area10,-21.999167,-43.890833,1,Montane Cloud Atlantic Forest,Ocotea diospyrifolia
area11,-21.976389,-43.878889,1,Montane Cloud Atlantic Forest,Ocotea diospyrifolia
area2,-22.528333,-50.715556,5,Montane Dense Ombrophilous Atlantic Forest ,Ocotea dispersa
area11,-21.976389,-43.878889,4,Montane Cloud Atlantic Forest,Ocotea dispersa
area6,-19.616667,-43.4,10,Montane Seasonal Atlantic Forest ,Ocotea divaricata
area1,-20.798333,-41.292778,11,Submontane Seasonal Atlantic Forest,Ocotea elegans
area9,-8.032611,-35.192125,3,Lowlands Seasonal Atlantic Forest ,Ocotea gardneri
area3,-22.7222082,-42.628058,13,Submontane Dense Ombrophilous Atlantic Forest ,Ocotea glaziovii
area10,-21.999167,-43.890833,1,Montane Dense Ombrophilous Atlantic Forest ,Ocotea glaziovii
area11,-21.976389,-43.878889,2,Montane Cloud Atlantic Forest,Ocotea glaziovii
area13,-8.016667,-35.174167,29,Lowlands Dense Ombrophilous Atlantic Forest ,Ocotea glomerata
area4,-28.733333,-49.75,4,Montane Dense Ombrophilous Atlantic Forest ,Ocotea indecora
area6,-19.616667,-43.4,1,Montane Seasonal Atlantic Forest ,Ocotea indecora
area10,-21.999167,-43.890833,20,Montane Dense Ombrophilous Atlantic Forest ,Ocotea lancifolia
area11,-21.976389,-43.878889,2,Montane Cloud Atlantic Forest,Ocotea laxa
area13,-8.016667,-35.174167,4,Lowlands Dense Ombrophilous Atlantic Forest ,Ocotea limae
area8,-20.673889,-40.393889,31,Submontane Dense Ombrophilous Atlantic Forest ,Ocotea lobbii
area10,-21.999167,-43.890833,2,Montane Dense Ombrophilous Atlantic Forest ,Ocotea minarum
area11,-21.976389,-43.878889,1,Montane Cloud Atlantic Forest,Ocotea minarum
area3,-22.7222082,-42.628058,3,Submontane Dense Ombrophilous Atlantic Forest ,Ocotea odorifera
area6,-19.616667,-43.4,5,Montane Seasonal Atlantic Forest ,Ocotea odorifera
area10,-21.999167,-43.890833,15,Montane Dense Ombrophilous Atlantic Forest ,Ocotea odorifera
area9,-8.032611,-35.192125,5,Lowlands Seasonal Atlantic Forest ,Ocotea pallida
area3,-22.7222082,-42.628058,1,Submontane Dense Ombrophilous Atlantic Forest ,Ocotea puberula
area12,-27.816111,-50.324167,5,Mixed Ombrophilous Atlantic Forest,Ocotea puberula
area12,-27.816111,-50.324167,36,Mixed Ombrophilous Atlantic Forest,Ocotea pulchella
area8,-20.673889,-40.393889,19,Submontane Dense Ombrophilous Atlantic Forest ,Opuntia brasiliensis
area12,-27.816111,-50.324167,7,Mixed Ombrophilous Atlantic Forest,Oreopanax fulvum
area10,-21.999167,-43.890833,1,Montane Dense Ombrophilous Atlantic Forest ,Ormosia arborea
area2,-22.528333,-50.715556,1,Montane Dense Ombrophilous Atlantic Forest ,Ormosia fastigiata
area10,-21.999167,-43.890833,4,Montane Dense Ombrophilous Atlantic Forest ,Ouratea parviflora
area2,-22.528333,-50.715556,2,Montane Dense Ombrophilous Atlantic Forest ,Oxandra martiana
area1,-20.798333,-41.292778,15,Submontane Seasonal Atlantic Forest,Oxandra nitida
area8,-20.673889,-40.393889,52,Submontane Dense Ombrophilous Atlantic Forest ,Oxandra nitida
area13,-8.016667,-35.174167,7,Lowlands Dense Ombrophilous Atlantic Forest ,Pachira aquatica
area1,-20.798333,-41.292778,5,Submontane Seasonal Atlantic Forest,Parapiptadenia pterosperma
area1,-20.798333,-41.292778,8,Submontane Seasonal Atlantic Forest,Paratecoma peroba
area13,-8.016667,-35.174167,22,Lowlands Dense Ombrophilous Atlantic Forest ,Parkia pendula
area2,-22.528333,-50.715556,17,Montane Dense Ombrophilous Atlantic Forest ,Pausandra morisiana
area7,-7.633333,-35.5,8,Montane Dense Ombrophilous Atlantic Forest ,Paypayrola blanchetiana
area13,-8.016667,-35.174167,3,Lowlands Dense Ombrophilous Atlantic Forest ,Paypayrola blanchetiana
area8,-20.673889,-40.393889,3,Submontane Dense Ombrophilous Atlantic Forest ,Pera glabrata
area3,-22.7222082,-42.628058,26,Submontane Dense Ombrophilous Atlantic Forest ,Pera glabrata
area10,-21.999167,-43.890833,12,Montane Dense Ombrophilous Atlantic Forest ,Pera glabrata
area13,-8.016667,-35.174167,5,Lowlands Dense Ombrophilous Atlantic Forest ,Pera glabrata
area3,-22.7222082,-42.628058,8,Submontane Dense Ombrophilous Atlantic Forest ,Pera heteranthera
area5,-22.616667,-43.883333,1,Montane Seasonal Atlantic Forest ,Pereskia grandifolia
area3,-22.7222082,-42.628058,2,Submontane Dense Ombrophilous Atlantic Forest ,Persea americana
area12,-27.816111,-50.324167,2,Mixed Ombrophilous Atlantic Forest,Persea major
area6,-19.616667,-43.4,3,Montane Seasonal Atlantic Forest ,Persea venosa
area11,-21.976389,-43.878889,1,Montane Cloud Atlantic Forest,Persea willdenowii
area2,-22.528333,-50.715556,1,Montane Dense Ombrophilous Atlantic Forest ,Phyllostemonodaphne geminiflora
area11,-21.976389,-43.878889,45,Montane Cloud Atlantic Forest,Phyllostemonodaphne geminiflora
area4,-28.733333,-49.75,2,Montane Dense Ombrophilous Atlantic Forest ,Phytolacca dioica
area10,-21.999167,-43.890833,3,Montane Dense Ombrophilous Atlantic Forest ,Picramnia glazioviana
area8,-20.673889,-40.393889,4,Submontane Dense Ombrophilous Atlantic Forest ,Picramnia glazioviana
area5,-22.616667,-43.883333,6,Montane Seasonal Atlantic Forest ,Picramnia ramiflora
area11,-21.976389,-43.878889,2,Montane Cloud Atlantic Forest,Pimenta pseudocaryophyllus
area3,-22.7222082,-42.628058,1,Submontane Dense Ombrophilous Atlantic Forest ,Piptadenia gonoacantha
area5,-22.616667,-43.883333,3,Montane Seasonal Atlantic Forest ,Piptadenia gonoacantha
area4,-28.733333,-49.75,2,Montane Dense Ombrophilous Atlantic Forest ,Piptocarpha axillaris
area6,-19.616667,-43.4,3,Montane Seasonal Atlantic Forest ,Piptocarpha macropoda
area11,-21.976389,-43.878889,3,Montane Cloud Atlantic Forest,Piptocarpha macropoda
area4,-28.733333,-49.75,2,Montane Dense Ombrophilous Atlantic Forest ,Piptocarpha tomentosa
area4,-28.733333,-49.75,12,Montane Dense Ombrophilous Atlantic Forest ,Pisonia zapallo
area9,-8.032611,-35.192125,2,Lowlands Seasonal Atlantic Forest ,Plathymenia foliolosa
area3,-22.7222082,-42.628058,9,Submontane Dense Ombrophilous Atlantic Forest ,Plathymenia reticulata
area6,-19.616667,-43.4,5,Montane Seasonal Atlantic Forest ,Plathymenia reticulata
area7,-7.633333,-35.5,5,Montane Dense Ombrophilous Atlantic Forest ,Plathymenia reticulata
area13,-8.016667,-35.174167,1,Lowlands Dense Ombrophilous Atlantic Forest ,Plathymenia reticulata
area5,-22.616667,-43.883333,2,Montane Seasonal Atlantic Forest ,Platypodium elegans
area6,-19.616667,-43.4,1,Montane Seasonal Atlantic Forest ,Platypodium elegans
area10,-21.999167,-43.890833,1,Montane Dense Ombrophilous Atlantic Forest ,Platypodium elegans
area3,-22.7222082,-42.628058,3,Submontane Dense Ombrophilous Atlantic Forest ,Pleroma mutabilis
area6,-19.616667,-43.4,2,Montane Seasonal Atlantic Forest ,Plinia cauliflora
area8,-20.673889,-40.393889,13,Submontane Dense Ombrophilous Atlantic Forest ,Plinia rivularis
area6,-19.616667,-43.4,1,Montane Seasonal Atlantic Forest ,Plinia rivularis
area12,-27.816111,-50.324167,139,Mixed Ombrophilous Atlantic Forest,Podocarpus lambertii
area13,-8.016667,-35.174167,19,Lowlands Dense Ombrophilous Atlantic Forest ,Pogonophora schomburgkiana
area11,-21.976389,-43.878889,9,Montane Cloud Atlantic Forest,Posoqueira latifolia
area10,-21.999167,-43.890833,16,Montane Dense Ombrophilous Atlantic Forest ,Posoqueira latifolia
area4,-28.733333,-49.75,8,Montane Dense Ombrophilous Atlantic Forest ,Posoqueira latifolia
area7,-7.633333,-35.5,2,Montane Dense Ombrophilous Atlantic Forest ,Posoqueira latifolia
area6,-19.616667,-43.4,2,Montane Seasonal Atlantic Forest ,Pourouma guianensis
area7,-7.633333,-35.5,19,Montane Dense Ombrophilous Atlantic Forest ,Pourouma guianensis
area2,-22.528333,-50.715556,2,Montane Dense Ombrophilous Atlantic Forest ,Pouteria bangii
area7,-7.633333,-35.5,44,Montane Dense Ombrophilous Atlantic Forest ,Pouteria bangii
area7,-7.633333,-35.5,5,Montane Dense Ombrophilous Atlantic Forest ,Pouteria bangii
area2,-22.528333,-50.715556,1,Montane Dense Ombrophilous Atlantic Forest ,Pouteria caimito
area3,-22.7222082,-42.628058,1,Submontane Dense Ombrophilous Atlantic Forest ,Pouteria caimito
area8,-20.673889,-40.393889,7,Submontane Dense Ombrophilous Atlantic Forest ,Pouteria caimito
area8,-20.673889,-40.393889,66,Submontane Dense Ombrophilous Atlantic Forest ,Pouteria coelomatica
area1,-20.798333,-41.292778,19,Submontane Seasonal Atlantic Forest,Pouteria filipes
area2,-22.528333,-50.715556,3,Montane Dense Ombrophilous Atlantic Forest ,Pouteria filipes
area10,-21.999167,-43.890833,2,Montane Dense Ombrophilous Atlantic Forest ,Pouteria gardneriana
area11,-21.976389,-43.878889,1,Montane Cloud Atlantic Forest,Pouteria gardneriana
area9,-8.032611,-35.192125,5,Lowlands Seasonal Atlantic Forest ,Pouteria glomerata
area13,-8.016667,-35.174167,4,Lowlands Dense Ombrophilous Atlantic Forest ,Pouteria grandiflora
area9,-8.032611,-35.192125,3,Lowlands Seasonal Atlantic Forest ,Pouteria lucens
area8,-20.673889,-40.393889,3,Submontane Dense Ombrophilous Atlantic Forest ,Pouteria peduncularis
area1,-20.798333,-41.292778,4,Submontane Seasonal Atlantic Forest,Pouteria reticulata
area2,-22.528333,-50.715556,3,Montane Dense Ombrophilous Atlantic Forest ,Pouteria reticulata
area6,-19.616667,-43.4,2,Montane Seasonal Atlantic Forest ,Pouteria torta
area7,-7.633333,-35.5,11,Montane Dense Ombrophilous Atlantic Forest ,Protium aracouchini
area9,-8.032611,-35.192125,1,Lowlands Seasonal Atlantic Forest ,Protium aracouchini
area13,-8.016667,-35.174167,1,Lowlands Dense Ombrophilous Atlantic Forest ,Protium aracouchini
area7,-7.633333,-35.5,2,Montane Dense Ombrophilous Atlantic Forest ,Protium giganteum
area13,-8.016667,-35.174167,28,Lowlands Dense Ombrophilous Atlantic Forest ,Protium giganteum
area7,-7.633333,-35.5,8,Montane Dense Ombrophilous Atlantic Forest ,Protium heptaphyllum
area9,-8.032611,-35.192125,17,Lowlands Seasonal Atlantic Forest ,Protium heptaphyllum
area10,-21.999167,-43.890833,12,Montane Dense Ombrophilous Atlantic Forest ,Protium heptaphyllum
area13,-8.016667,-35.174167,93,Lowlands Dense Ombrophilous Atlantic Forest ,Protium heptaphyllum
area8,-20.673889,-40.393889,32,Submontane Dense Ombrophilous Atlantic Forest ,Protium heptaphyllum
area10,-21.999167,-43.890833,8,Montane Dense Ombrophilous Atlantic Forest ,Protium spruceanum
area2,-22.528333,-50.715556,1,Montane Dense Ombrophilous Atlantic Forest ,Protium widgrenii
area4,-28.733333,-49.75,2,Montane Dense Ombrophilous Atlantic Forest ,Prunus myrtifolia
area10,-21.999167,-43.890833,9,Montane Dense Ombrophilous Atlantic Forest ,Prunus myrtifolia
area11,-21.976389,-43.878889,10,Montane Cloud Atlantic Forest,Prunus myrtifolia
area12,-27.816111,-50.324167,7,Mixed Ombrophilous Atlantic Forest,Prunus myrtifolia
area8,-20.673889,-40.393889,25,Submontane Dense Ombrophilous Atlantic Forest ,Pseudobombax grandiflorum
area3,-22.7222082,-42.628058,1,Submontane Dense Ombrophilous Atlantic Forest ,Pseudobombax grandiflorum
area4,-28.733333,-49.75,2,Montane Dense Ombrophilous Atlantic Forest ,Pseudobombax grandiflorum
area2,-22.528333,-50.715556,1,Montane Dense Ombrophilous Atlantic Forest ,Pseudolmedia hirtula
area1,-20.798333,-41.292778,39,Submontane Seasonal Atlantic Forest,Pseudopiptadenia contorta
area3,-22.7222082,-42.628058,6,Submontane Dense Ombrophilous Atlantic Forest ,Pseudopiptadenia contorta
area5,-22.616667,-43.883333,5,Montane Seasonal Atlantic Forest ,Pseudopiptadenia contorta
area6,-19.616667,-43.4,19,Montane Seasonal Atlantic Forest ,Pseudopiptadenia contorta
area2,-22.528333,-50.715556,6,Montane Dense Ombrophilous Atlantic Forest ,Pseudopiptadenia inaequalis
area10,-21.999167,-43.890833,1,Montane Dense Ombrophilous Atlantic Forest ,Pseudopiptadenia warmingii
area9,-8.032611,-35.192125,2,Lowlands Seasonal Atlantic Forest ,Psidium guineense
area10,-21.999167,-43.890833,1,Montane Dense Ombrophilous Atlantic Forest ,Psidium myrtoides
area9,-8.032611,-35.192125,101,Lowlands Seasonal Atlantic Forest ,Psychotria capitata
area6,-19.616667,-43.4,2,Montane Seasonal Atlantic Forest ,Psychotria carthagenensis
area7,-7.633333,-35.5,2,Montane Dense Ombrophilous Atlantic Forest ,Psychotria carthagenensis
area2,-22.528333,-50.715556,2,Montane Dense Ombrophilous Atlantic Forest ,Psychotria nuda
area6,-19.616667,-43.4,1,Montane Seasonal Atlantic Forest ,Psychotria pallens
area11,-21.976389,-43.878889,34,Montane Cloud Atlantic Forest,Psychotria stachyoides
area2,-22.528333,-50.715556,20,Montane Dense Ombrophilous Atlantic Forest ,Psychotria subspathacea
area4,-28.733333,-49.75,106,Montane Dense Ombrophilous Atlantic Forest ,Psychotria suterella
area10,-21.999167,-43.890833,1,Montane Dense Ombrophilous Atlantic Forest ,Psychotria suterella
area3,-22.7222082,-42.628058,26,Submontane Dense Ombrophilous Atlantic Forest ,Psychotria vellosiana
area5,-22.616667,-43.883333,4,Montane Seasonal Atlantic Forest ,Psychotria vellosiana
area10,-21.999167,-43.890833,17,Montane Dense Ombrophilous Atlantic Forest ,Psychotria vellosiana
area11,-21.976389,-43.878889,41,Montane Cloud Atlantic Forest,Psychotria vellosiana
area9,-8.032611,-35.192125,46,Lowlands Seasonal Atlantic Forest ,Pterocarpus rhorii
area6,-19.616667,-43.4,1,Montane Seasonal Atlantic Forest ,Pterocarpus rhorii
area7,-7.633333,-35.5,3,Montane Dense Ombrophilous Atlantic Forest ,Pterocarpus rhorii
area9,-8.032611,-35.192125,10,Lowlands Seasonal Atlantic Forest ,Pterygota brasiliensis
area10,-21.999167,-43.890833,2,Montane Dense Ombrophilous Atlantic Forest ,Qualea gestasiana
area6,-19.616667,-43.4,1,Montane Seasonal Atlantic Forest ,Qualea glaziovii
area2,-22.528333,-50.715556,16,Montane Dense Ombrophilous Atlantic Forest ,Quararibea turbinata
area7,-7.633333,-35.5,3,Montane Dense Ombrophilous Atlantic Forest ,Quararibea turbinata
area7,-7.633333,-35.5,65,Montane Dense Ombrophilous Atlantic Forest ,Quiina cruegeriana
area13,-8.016667,-35.174167,6,Lowlands Dense Ombrophilous Atlantic Forest ,Quiina cruegeriana
area10,-21.999167,-43.890833,2,Montane Dense Ombrophilous Atlantic Forest ,Quiina glaziovii
area11,-21.976389,-43.878889,1,Montane Cloud Atlantic Forest,Quiina margallano-gomesii
area12,-27.816111,-50.324167,1,Mixed Ombrophilous Atlantic Forest,Quillaja brasiliensis
area1,-20.798333,-41.292778,44,Submontane Seasonal Atlantic Forest,Ramisia brasiliensis
area8,-20.673889,-40.393889,1,Submontane Dense Ombrophilous Atlantic Forest ,Rauia nodosa
area7,-7.633333,-35.5,1,Montane Dense Ombrophilous Atlantic Forest ,Rauvolfia grandiflora
area8,-20.673889,-40.393889,8,Submontane Dense Ombrophilous Atlantic Forest ,Rauvolfia mattfeldiana
area4,-28.733333,-49.75,18,Montane Dense Ombrophilous Atlantic Forest ,Recordia reitzii
area6,-19.616667,-43.4,1,Montane Seasonal Atlantic Forest ,Rhodostemonodaphne macrocalyx
area9,-8.032611,-35.192125,1,Lowlands Seasonal Atlantic Forest ,Richeria grandis
area1,-20.798333,-41.292778,51,Submontane Seasonal Atlantic Forest,Rinorea bahiensis
area2,-22.528333,-50.715556,2,Montane Dense Ombrophilous Atlantic Forest ,Rinorea guianensis
area8,-20.673889,-40.393889,7,Submontane Dense Ombrophilous Atlantic Forest ,Rodostemonodaphne capixabensis
area3,-22.7222082,-42.628058,3,Submontane Dense Ombrophilous Atlantic Forest ,Rollinia laurifolia
area2,-22.528333,-50.715556,1,Montane Dense Ombrophilous Atlantic Forest ,Roupala montana
area12,-27.816111,-50.324167,15,Mixed Ombrophilous Atlantic Forest,Roupala montana
area6,-19.616667,-43.4,4,Montane Seasonal Atlantic Forest ,Roupala montana
area4,-28.733333,-49.75,26,Montane Dense Ombrophilous Atlantic Forest ,Rudgea jasminoides
area11,-21.976389,-43.878889,1,Montane Cloud Atlantic Forest,Rudgea jasminoides
area2,-22.528333,-50.715556,3,Montane Dense Ombrophilous Atlantic Forest ,Rudgea recurva
area8,-20.673889,-40.393889,27,Submontane Dense Ombrophilous Atlantic Forest ,Rudgea reticulata
area2,-22.528333,-50.715556,4,Montane Dense Ombrophilous Atlantic Forest ,Rustia formosa
area5,-22.616667,-43.883333,1,Montane Seasonal Atlantic Forest ,Rustia gracilis
area10,-21.999167,-43.890833,2,Montane Dense Ombrophilous Atlantic Forest ,Sacoglottis mattogrossensis
area2,-22.528333,-50.715556,16,Montane Dense Ombrophilous Atlantic Forest ,Salacia grandifolia
area3,-22.7222082,-42.628058,1,Submontane Dense Ombrophilous Atlantic Forest ,Sapium glandulosum
area4,-28.733333,-49.75,8,Montane Dense Ombrophilous Atlantic Forest ,Sapium glandulosum
area12,-27.816111,-50.324167,2,Mixed Ombrophilous Atlantic Forest,Sapium glandulosum
area4,-28.733333,-49.75,2,Montane Dense Ombrophilous Atlantic Forest ,Schefflera angustissima
area5,-22.616667,-43.883333,1,Montane Seasonal Atlantic Forest ,Schefflera morototoni
area6,-19.616667,-43.4,6,Montane Seasonal Atlantic Forest ,Schefflera morototoni
area7,-7.633333,-35.5,2,Montane Dense Ombrophilous Atlantic Forest ,Schefflera morototoni
area10,-21.999167,-43.890833,2,Montane Dense Ombrophilous Atlantic Forest ,Schefflera morototoni
area13,-8.016667,-35.174167,18,Lowlands Dense Ombrophilous Atlantic Forest ,Schefflera morototoni
area12,-27.816111,-50.324167,3,Mixed Ombrophilous Atlantic Forest,Schinus terebinthifolius
area8,-20.673889,-40.393889,1,Submontane Dense Ombrophilous Atlantic Forest ,Schinus terebinthifolius
area6,-19.616667,-43.4,2,Montane Seasonal Atlantic Forest ,Schizocalyx cuspidatus
area1,-20.798333,-41.292778,14,Submontane Seasonal Atlantic Forest,Schoepfia brasiliensis
area12,-27.816111,-50.324167,61,Mixed Ombrophilous Atlantic Forest,Scutia buxifolia
area12,-27.816111,-50.324167,17,Mixed Ombrophilous Atlantic Forest,Sebastiania brasiliensis
area11,-21.976389,-43.878889,4,Montane Cloud Atlantic Forest,Seguieria langsdorfii
area1,-20.798333,-41.292778,1062,Submontane Seasonal Atlantic Forest,Senefeldera verticillata
area2,-22.528333,-50.715556,13,Montane Dense Ombrophilous Atlantic Forest ,Senefeldera verticillata
area1,-20.798333,-41.292778,4,Submontane Seasonal Atlantic Forest,Senegalia polyphylla
area5,-22.616667,-43.883333,1,Montane Seasonal Atlantic Forest ,Senna multijuga
area8,-20.673889,-40.393889,29,Submontane Dense Ombrophilous Atlantic Forest ,Simaba cuneata
area3,-22.7222082,-42.628058,6,Submontane Dense Ombrophilous Atlantic Forest ,Simarouba amara
area7,-7.633333,-35.5,9,Montane Dense Ombrophilous Atlantic Forest ,Simarouba amara
area13,-8.016667,-35.174167,20,Lowlands Dense Ombrophilous Atlantic Forest ,Simarouba amara
area5,-22.616667,-43.883333,2,Montane Seasonal Atlantic Forest ,Simira sampaioana
area3,-22.7222082,-42.628058,86,Submontane Dense Ombrophilous Atlantic Forest ,Siparuna guianensis
area5,-22.616667,-43.883333,6,Montane Seasonal Atlantic Forest ,Siparuna guianensis
area13,-8.016667,-35.174167,35,Lowlands Dense Ombrophilous Atlantic Forest ,Siparuna guianensis
area6,-19.616667,-43.4,15,Montane Seasonal Atlantic Forest ,Siparuna reginae
area10,-21.999167,-43.890833,1,Montane Dense Ombrophilous Atlantic Forest ,Siphoneugena densiflora
area10,-21.999167,-43.890833,1,Montane Dense Ombrophilous Atlantic Forest ,Siphoneugena widgreniana
area2,-22.528333,-50.715556,2,Montane Dense Ombrophilous Atlantic Forest ,Sloanea guianensis
area4,-28.733333,-49.75,2,Montane Dense Ombrophilous Atlantic Forest ,Sloanea guianensis
area7,-7.633333,-35.5,3,Montane Dense Ombrophilous Atlantic Forest ,Sloanea guianensis
area10,-21.999167,-43.890833,3,Montane Dense Ombrophilous Atlantic Forest ,Sloanea guianensis
area11,-21.976389,-43.878889,2,Montane Cloud Atlantic Forest,Sloanea guianensis
area13,-8.016667,-35.174167,1,Lowlands Dense Ombrophilous Atlantic Forest ,Sloanea guianensis
area10,-21.999167,-43.890833,2,Montane Dense Ombrophilous Atlantic Forest ,Sloanea monosperma
area10,-21.999167,-43.890833,7,Montane Dense Ombrophilous Atlantic Forest ,Sloanea stipitata
area11,-21.976389,-43.878889,1,Montane Cloud Atlantic Forest,Solanum bullatum
area11,-21.976389,-43.878889,18,Montane Cloud Atlantic Forest,Solanum cinnamomeum
area11,-21.976389,-43.878889,20,Montane Cloud Atlantic Forest,Solanum leucodendron
area12,-27.816111,-50.324167,8,Mixed Ombrophilous Atlantic Forest,Solanum pabstii
area4,-28.733333,-49.75,2,Montane Dense Ombrophilous Atlantic Forest ,Solanum pseudoquina
area10,-21.999167,-43.890833,2,Montane Dense Ombrophilous Atlantic Forest ,Solanum pseudoquina
area4,-28.733333,-49.75,6,Montane Dense Ombrophilous Atlantic Forest ,Solanum sanctae-catharinae
area12,-27.816111,-50.324167,13,Mixed Ombrophilous Atlantic Forest,Solanum sanctae-catharinae
area3,-22.7222082,-42.628058,1,Submontane Dense Ombrophilous Atlantic Forest ,Solanum swartzianum
area8,-20.673889,-40.393889,5,Submontane Dense Ombrophilous Atlantic Forest ,Solanum sycocarpum
area4,-28.733333,-49.75,4,Montane Dense Ombrophilous Atlantic Forest ,Sorocea bonplandii
area5,-22.616667,-43.883333,25,Montane Seasonal Atlantic Forest ,Sorocea bonplandii
area1,-20.798333,-41.292778,31,Submontane Seasonal Atlantic Forest,Sorocea guilleminiana
area2,-22.528333,-50.715556,3,Montane Dense Ombrophilous Atlantic Forest ,Sorocea guilleminiana
area6,-19.616667,-43.4,1,Montane Seasonal Atlantic Forest ,Sorocea guilleminiana
area3,-22.7222082,-42.628058,3,Submontane Dense Ombrophilous Atlantic Forest ,Sorocea hilarii
area9,-8.032611,-35.192125,5,Lowlands Seasonal Atlantic Forest ,Sorocea hilarii
area13,-8.016667,-35.174167,2,Lowlands Dense Ombrophilous Atlantic Forest ,Sorocea hilarii
area7,-7.633333,-35.5,3,Montane Dense Ombrophilous Atlantic Forest ,Sorocea klotzschiana
area3,-22.7222082,-42.628058,4,Submontane Dense Ombrophilous Atlantic Forest ,Sparattosperma leucanthum
area5,-22.616667,-43.883333,2,Montane Seasonal Atlantic Forest ,Sparattosperma leucanthum
area11,-21.976389,-43.878889,1,Montane Cloud Atlantic Forest,Sparattosperma leucanthum
area10,-21.999167,-43.890833,17,Montane Dense Ombrophilous Atlantic Forest ,Spirotheca rivieri
area9,-8.032611,-35.192125,6,Lowlands Seasonal Atlantic Forest ,Spondias lutea
area1,-20.798333,-41.292778,2,Submontane Seasonal Atlantic Forest,Spondias venulosa
area12,-27.816111,-50.324167,4,Mixed Ombrophilous Atlantic Forest,Strychnos brasiliensis
area7,-7.633333,-35.5,1,Montane Dense Ombrophilous Atlantic Forest ,Stryphnodendron pulcherrimum
area2,-22.528333,-50.715556,2,Montane Dense Ombrophilous Atlantic Forest ,Stylogyne lhotzkyana
area12,-27.816111,-50.324167,4,Mixed Ombrophilous Atlantic Forest,Styrax acuminatus
area7,-7.633333,-35.5,3,Montane Dense Ombrophilous Atlantic Forest ,Styrax camporum
area12,-27.816111,-50.324167,10,Mixed Ombrophilous Atlantic Forest,Styrax leprosus
area10,-21.999167,-43.890833,2,Montane Dense Ombrophilous Atlantic Forest ,Styrax pohli
area1,-20.798333,-41.292778,7,Submontane Seasonal Atlantic Forest,Swartzia apetala
area6,-19.616667,-43.4,1,Montane Seasonal Atlantic Forest ,Swartzia apetala
area5,-22.616667,-43.883333,7,Montane Seasonal Atlantic Forest ,Swartzia langsdorffii
area6,-19.616667,-43.4,4,Montane Seasonal Atlantic Forest ,Swartzia macrostachya
area2,-22.528333,-50.715556,3,Montane Dense Ombrophilous Atlantic Forest ,Swartzia myrtifolia
area7,-7.633333,-35.5,1,Montane Dense Ombrophilous Atlantic Forest ,Swartzia pickelii
area9,-8.032611,-35.192125,15,Lowlands Seasonal Atlantic Forest ,Swartzia pickelii
area13,-8.016667,-35.174167,1,Lowlands Dense Ombrophilous Atlantic Forest ,Swartzia pickelii
area3,-22.7222082,-42.628058,1,Submontane Dense Ombrophilous Atlantic Forest ,Swartzia simplex
area8,-20.673889,-40.393889,2,Submontane Dense Ombrophilous Atlantic Forest ,Syderoxylon obtusifolium
area7,-7.633333,-35.5,1,Montane Dense Ombrophilous Atlantic Forest ,Symphonia globulifera
area13,-8.016667,-35.174167,23,Lowlands Dense Ombrophilous Atlantic Forest ,Symphonia globulifera
area7,-7.633333,-35.5,2,Montane Dense Ombrophilous Atlantic Forest ,Symplocos neglecta
area12,-27.816111,-50.324167,20,Mixed Ombrophilous Atlantic Forest,Symplocos uniflora
area3,-22.7222082,-42.628058,6,Submontane Dense Ombrophilous Atlantic Forest ,Syzygium jambos
area5,-22.616667,-43.883333,1,Montane Seasonal Atlantic Forest ,Syzygium jambos
area1,-20.798333,-41.292778,11,Submontane Seasonal Atlantic Forest,Tabebuia cassinoides
area9,-8.032611,-35.192125,56,Lowlands Seasonal Atlantic Forest ,Tabebuia serratifolia
area2,-22.528333,-50.715556,1,Montane Dense Ombrophilous Atlantic Forest ,Tabebuia stenocalyx
area3,-22.7222082,-42.628058,1,Submontane Dense Ombrophilous Atlantic Forest ,Tabernaemontana catharinensis
area3,-22.7222082,-42.628058,2,Submontane Dense Ombrophilous Atlantic Forest ,Tabernaemontana laeta
area10,-21.999167,-43.890833,8,Montane Dense Ombrophilous Atlantic Forest ,Tabernaemontana laeta
area13,-8.016667,-35.174167,24,Lowlands Dense Ombrophilous Atlantic Forest ,Tachigali densiflora
area7,-7.633333,-35.5,1,Montane Dense Ombrophilous Atlantic Forest ,Tachigali paratyensis
area6,-19.616667,-43.4,5,Montane Seasonal Atlantic Forest ,Tachigali rugosa
area6,-19.616667,-43.4,1,Montane Seasonal Atlantic Forest ,Tachigali subvelutina
area7,-7.633333,-35.5,4,Montane Dense Ombrophilous Atlantic Forest ,Talisia macrophylla
area3,-22.7222082,-42.628058,6,Submontane Dense Ombrophilous Atlantic Forest ,Tapirira guianensis
area5,-22.616667,-43.883333,1,Montane Seasonal Atlantic Forest ,Tapirira guianensis
area6,-19.616667,-43.4,6,Montane Seasonal Atlantic Forest ,Tapirira guianensis
area7,-7.633333,-35.5,8,Montane Dense Ombrophilous Atlantic Forest ,Tapirira guianensis
area10,-21.999167,-43.890833,2,Montane Dense Ombrophilous Atlantic Forest ,Tapirira guianensis
area13,-8.016667,-35.174167,19,Lowlands Dense Ombrophilous Atlantic Forest ,Tapirira guianensis
area6,-19.616667,-43.4,4,Montane Seasonal Atlantic Forest ,Tapirira obtusa
area10,-21.999167,-43.890833,7,Montane Dense Ombrophilous Atlantic Forest ,Tapirira obtusa
area2,-22.528333,-50.715556,2,Montane Dense Ombrophilous Atlantic Forest ,Terminalia januariensis
area4,-28.733333,-49.75,22,Montane Dense Ombrophilous Atlantic Forest ,Tetrorchidium rubrivenium
area7,-7.633333,-35.5,41,Montane Dense Ombrophilous Atlantic Forest ,Thyrsodium spruceanum
area13,-8.016667,-35.174167,22,Lowlands Dense Ombrophilous Atlantic Forest ,Thyrsodium spruceanum
area11,-21.976389,-43.878889,9,Montane Cloud Atlantic Forest,Tibouchina granulosa
area11,-21.976389,-43.878889,2,Montane Cloud Atlantic Forest,Tibouchina mutabilis
area6,-19.616667,-43.4,17,Montane Seasonal Atlantic Forest ,Toulicia laevigata
area7,-7.633333,-35.5,1,Montane Dense Ombrophilous Atlantic Forest ,Tovomita brevistaminea
area13,-8.016667,-35.174167,59,Lowlands Dense Ombrophilous Atlantic Forest ,Tovomita brevistaminea
area6,-19.616667,-43.4,3,Montane Seasonal Atlantic Forest ,Tovomita leucantha
area7,-7.633333,-35.5,123,Montane Dense Ombrophilous Atlantic Forest ,Tovomita mangle
area3,-22.7222082,-42.628058,1,Submontane Dense Ombrophilous Atlantic Forest ,Tovomitopsis paniculata
area6,-19.616667,-43.4,1,Montane Seasonal Atlantic Forest ,Tovomitopsis paniculata
area6,-19.616667,-43.4,1,Montane Seasonal Atlantic Forest ,Trattinnickia ferruginea
area2,-22.528333,-50.715556,1,Montane Dense Ombrophilous Atlantic Forest ,Trema micrantha
area2,-22.528333,-50.715556,7,Montane Dense Ombrophilous Atlantic Forest ,Trichilia casaretti
area6,-19.616667,-43.4,1,Montane Seasonal Atlantic Forest ,Trichilia emarginata
area10,-21.999167,-43.890833,1,Montane Dense Ombrophilous Atlantic Forest ,Trichilia emarginata
area5,-22.616667,-43.883333,1,Montane Seasonal Atlantic Forest ,Trichilia hirta
area1,-20.798333,-41.292778,18,Submontane Seasonal Atlantic Forest,Trichilia lepidota
area3,-22.7222082,-42.628058,1,Submontane Dense Ombrophilous Atlantic Forest ,Trichilia lepidota
area4,-28.733333,-49.75,51,Montane Dense Ombrophilous Atlantic Forest ,Trichilia lepidota
area7,-7.633333,-35.5,6,Montane Dense Ombrophilous Atlantic Forest ,Trichilia lepidota
area7,-7.633333,-35.5,2,Montane Dense Ombrophilous Atlantic Forest ,Trichilia lepidota
area8,-20.673889,-40.393889,32,Submontane Dense Ombrophilous Atlantic Forest ,Trichilia palens
area1,-20.798333,-41.292778,15,Submontane Seasonal Atlantic Forest,Trichilia palens
area4,-28.733333,-49.75,4,Montane Dense Ombrophilous Atlantic Forest ,Trichilia palens
area8,-20.673889,-40.393889,40,Submontane Dense Ombrophilous Atlantic Forest ,Trichilia pseudostipularis
area1,-20.798333,-41.292778,4,Submontane Seasonal Atlantic Forest,Trichilia silvatica
area2,-22.528333,-50.715556,3,Montane Dense Ombrophilous Atlantic Forest ,Trichilia silvatica
area3,-22.7222082,-42.628058,1,Submontane Dense Ombrophilous Atlantic Forest ,Trichilia silvatica
area7,-7.633333,-35.5,3,Montane Dense Ombrophilous Atlantic Forest ,Trichilia silvatica
area2,-22.528333,-50.715556,1,Montane Dense Ombrophilous Atlantic Forest ,Tripterodendron filicifolium
area3,-22.7222082,-42.628058,1,Submontane Dense Ombrophilous Atlantic Forest ,Vernonanthura discolor
area12,-27.816111,-50.324167,22,Mixed Ombrophilous Atlantic Forest,Vernonanthura discolor
area10,-21.999167,-43.890833,3,Montane Dense Ombrophilous Atlantic Forest ,Vernonanthura divaricata
area11,-21.976389,-43.878889,2,Montane Cloud Atlantic Forest,Vernonanthura divaricata
area1,-20.798333,-41.292778,19,Submontane Seasonal Atlantic Forest,Virola bicuhyba
area2,-22.528333,-50.715556,10,Montane Dense Ombrophilous Atlantic Forest ,Virola bicuhyba
area4,-28.733333,-49.75,10,Montane Dense Ombrophilous Atlantic Forest ,Virola bicuhyba
area6,-19.616667,-43.4,3,Montane Seasonal Atlantic Forest ,Virola bicuhyba
area10,-21.999167,-43.890833,13,Montane Dense Ombrophilous Atlantic Forest ,Virola bicuhyba
area1,-20.798333,-41.292778,93,Submontane Seasonal Atlantic Forest,Virola gardneri
area2,-22.528333,-50.715556,3,Montane Dense Ombrophilous Atlantic Forest ,Virola gardneri
area3,-22.7222082,-42.628058,1,Submontane Dense Ombrophilous Atlantic Forest ,Virola gardneri
area7,-7.633333,-35.5,62,Montane Dense Ombrophilous Atlantic Forest ,Virola gardneri
area13,-8.016667,-35.174167,51,Lowlands Dense Ombrophilous Atlantic Forest ,Virola gardneri
area9,-8.032611,-35.192125,2,Lowlands Seasonal Atlantic Forest ,Virola gardneri
area3,-22.7222082,-42.628058,3,Submontane Dense Ombrophilous Atlantic Forest ,Vismia guianensis
area7,-7.633333,-35.5,2,Montane Dense Ombrophilous Atlantic Forest ,Vismia guianensis
area13,-8.016667,-35.174167,4,Lowlands Dense Ombrophilous Atlantic Forest ,Vismia guianensis
area10,-21.999167,-43.890833,3,Montane Dense Ombrophilous Atlantic Forest ,Vismia magnoliifolia
area7,-7.633333,-35.5,4,Montane Dense Ombrophilous Atlantic Forest ,Vitex capitata
area9,-8.032611,-35.192125,1,Lowlands Seasonal Atlantic Forest ,Vitex triflora
area6,-19.616667,-43.4,1,Montane Seasonal Atlantic Forest ,Vochysia dasyantha
area6,-19.616667,-43.4,1,Montane Seasonal Atlantic Forest ,Vochysia schwackeana
area10,-21.999167,-43.890833,5,Montane Dense Ombrophilous Atlantic Forest ,Vochysia schwackeana
area7,-7.633333,-35.5,78,Montane Dense Ombrophilous Atlantic Forest ,Vochysia thyrsoidea
area4,-28.733333,-49.75,4,Montane Dense Ombrophilous Atlantic Forest ,Xylopia brasiliensis
area6,-19.616667,-43.4,2,Montane Seasonal Atlantic Forest ,Xylopia brasiliensis
area10,-21.999167,-43.890833,20,Montane Dense Ombrophilous Atlantic Forest ,Xylopia brasiliensis
area3,-22.7222082,-42.628058,20,Submontane Dense Ombrophilous Atlantic Forest ,Xylopia sericea
area6,-19.616667,-43.4,5,Montane Seasonal Atlantic Forest ,Xylopia sericea
area12,-27.816111,-50.324167,10,Mixed Ombrophilous Atlantic Forest,Xylosma ciliatifolia
area4,-28.733333,-49.75,2,Montane Dense Ombrophilous Atlantic Forest ,Xylosma prockia
area10,-21.999167,-43.890833,1,Montane Dense Ombrophilous Atlantic Forest ,Xylosma prockia
area4,-28.733333,-49.75,4,Montane Dense Ombrophilous Atlantic Forest ,Xylosma pseudosalzmanii
area12,-27.816111,-50.324167,3,Mixed Ombrophilous Atlantic Forest,Xylosma tweediana
area12,-27.816111,-50.324167,76,Mixed Ombrophilous Atlantic Forest,Zanthoxylum kleinii
area9,-8.032611,-35.192125,4,Lowlands Seasonal Atlantic Forest ,Zanthoxylum monogynum
area4,-28.733333,-49.75,4,Montane Dense Ombrophilous Atlantic Forest ,Zanthoxylum rhoifolium
area7,-7.633333,-35.5,2,Montane Dense Ombrophilous Atlantic Forest ,Zanthoxylum rhoifolium
area12,-27.816111,-50.324167,12,Mixed Ombrophilous Atlantic Forest,Zanthoxylum rhoifolium
area1,-20.798333,-41.292778,15,Submontane Seasonal Atlantic Forest,Ziziphus platyphylla
area8,-20.673889,-40.393889,39,Submontane Dense Ombrophilous Atlantic Forest ,Zollernia glabra
area9,-8.032611,-35.192125,1,Lowlands Seasonal Atlantic Forest ,Zollernia paraensis
